country,sector,sub_sector,activity,persons_employed_2009,persons_employed_2018,persons_employed_delta_2018_09,turnover_2009,turnover_2018,turnover_delta_2018_09,value_added_at_factor_cost_2009,value_added_at_factor_cost_2018,value_added_at_factor_cost_delta_2018_09,gva_to_turnover_2009,gva_to_turnover_2018,gva_to_turnover_delta_2018_09,gross_operating_surplus_2009,gross_operating_surplus_2018,gross_operating_surplus_delta_2018_09,gross_profit_margin_2009,gross_profit_margin_2018,gross_profit_margin_delta_2018_09,personnel_costs_per_employee_2009,personnel_costs_per_employee_2018,personnel_costs_per_employee_delta_2018_09
Denmark,Marine living resources,Primary production,Capture fisheries (SSCF),378,278,-0.26,25.1,23.1,-0.08,12.3,11.4,-0.08,0.49,0.49,0,5,1.7,0.65,-0.2,-0.07,0.62,45.8,47.2,0.03
Denmark,Marine living resources,Primary production,Capture fisheries (LSF),1317,999,-0.24,292.7,375.6,0.28,175.1,240.8,0.38,0.6,0.64,0.07,75.9,137.1,0.81,0.26,0.36,0.41,75.3,103.8,0.38
Denmark,Marine living resources,Primary production,Capture fisheries (DWF),NA,NA,NA,NA,NA,NA,NA,NA,NA,NA,NA,NA,NA,NA,NA,NA,NA,NA,NA,NA,NA
Denmark,Marine living resources,Primary production,Manne aquaculture,90,150,0.67,42.7,63.3,0.48,3.8,14.6,2.87,0.09,0.23,1.61,0.6,7.2,12.82,-0.01,0.11,8.97,36.1,36.9,0.02
Denmark,Marine living resources,Primary production,Freshwater aquaculture,375,389,0.04,95.7,124.8,0.3,23.7,29.6,0.25,0.25,0.24,-0.04,0.5,4.7,10.57,-0.01,0.04,8.41,47.3,46.4,-0.02
Denmark,Marine living resources,Primary production,Shellfish aquaculture,25,10,-0.6,1.8,1.4,-0.22,0.6,0.8,0.34,0.34,0.57,0.7,0.9,0.2,1.26,-0.51,0.17,1.33,44.7,46.2,0.03
Denmark,Marine living resources,Processing of fish products,"Processing and preserving of fish, crustaceans and molluscs",4175,3673,-0.12,1668,2650.5,0.59,279.7,273.5,-0.02,0.17,0.1,-0.38,86.3,74.1,-0.14,0.05,0.03,-0.46,46.3,54.3,0.17
Denmark,Marine living resources,Processing of fish products,Manufacture of oils and fats,77,43,-0.44,64.2,76.6,0.19,11.3,8.3,-0.27,0.18,0.11,-0.39,5.7,4.9,-0.13,0.09,0.06,-0.27,73,77.5,0.06
Denmark,Marine living resources,Processing of fish products,Prepared meals and dishes,20,1,-0.95,5.7,0.1,-0.98,13,0,-0.98,0.22,0.27,0.22,0.3,0,-0.97,0.06,0.05,-0.13,45.5,22.4,-0.51
Denmark,Marine living resources,Processing of fish products,Other food products,1,NA,NA,0.3,0,-0.89,0.1,0,-0.89,0.34,0.34,0.02,0,NA,NA,0.12,0.11,-0.02,61.5,62,0.01
Denmark,Marine living resources,Distribution of fish products,"Wholesale of other food, including fish, crustaceans and molluscs",1384,1905,0.38,1319.5,1829.9,0.39,113.9,175.8,0.54,0.09,0.1,0.11,45.5,60.3,0.33,0.03,0.03,-0.04,49.4,60.6,0.23
Denmark,Marine living resources,Distribution of fish products,"Retail sale of fish, crustaceans and molluscs in specialised stores",773,845,0.09,81.7,95.3,0.17,23.4,26.8,0.15,0.29,0.28,-0.02,8.8,6,-0.32,0.11,0.06,-0.42,18.9,24.5,0.3
Denmark,Marine non-living resources,Oil and gas,Extraction of crude petroleum,514,672,0.31,5910.2,2896.5,-0.51,4818.2,1310,-0.73,0.82,0.45,-0.45,4753.7,1175.9,-0.75,0.8,0.41,-0.5,125.4,199.4,0.59
Denmark,Marine non-living resources,Oil and gas,Extraction of natural gas,NA,NA,NA,NA,NA,NA,NA,NA,NA,NA,NA,NA,NA,NA,NA,NA,NA,NA,NA,NA,NA
Denmark,Marine non-living resources,Oil and gas,Support activities for petroleum and natural gas extraction,1935,1274,-0.34,405.4,490.5,0.21,258.2,172.2,-0.33,0.64,0.35,-0.45,87.7,73.1,-0.17,0.22,0.15,-0.31,88.1,77.8,-0.12
Denmark,Marine non-living resources,Other minerals,Operation of gravel and sand pits; mining of clays and kaolin,149,84,-0.44,37.8,34.5,-0.09,15.2,12.3,-0.19,0.4,0.36,-0.11,7.3,6.7,-0.08,0.19,0.2,0,52.5,66,0.26
Denmark,Marine non-living resources,Other minerals,Extraction of salt,NA,NA,NA,NA,NA,NA,NA,NA,NA,NA,NA,NA,NA,NA,NA,NA,NA,NA,NA,NA,NA
Denmark,Marine non-living resources,Other minerals,Support activities for other mining and quarrying,1,3,2,0.4,0.7,0.71,0.1,0.2,0.55,0.3,0.25,-0.16,0,0,-4,0.03,-0.05,-2.45,70,72.2,0.03
Denmark,Marine renewable energy,Offshore wind energy,Production of electricity,216,654,2.03,132.6,1029.7,6.77,25,387.1,14.51,0.19,0.38,1,10.5,344.5,31.84,0.08,0.33,3.23,66.9,65.2,-0.02
Denmark,Marine renewable energy,Offshore wind energy,Transmission of electricity,30,113,2.77,35.5,117.8,2.32,12.7,76.3,5,0.36,0.65,0.81,10.1,65.8,5.5,0.29,0.56,0.96,85.4,93.4,0.09
Denmark,Port activites,Cargo and warehousing,Cargo handling,145,187,0.29,19.2,30.2,0.57,9.5,18.6,0.96,0.49,0.61,0.25,1.2,3.8,2.27,0.06,0.13,1.08,57.1,78.7,0.38
Denmark,Port activites,Cargo and warehousing,Warehousing and storage,1284,1985,0.55,305.9,481,0.57,134.2,202.8,0.51,0.44,0.42,-0.04,67.9,59.7,-0.12,0.22,0.12,-0.44,51.7,72,0.39
Denmark,Port activites,Port and water projects,Construction of water projects,634,711,0.12,310,356.2,0.15,52.1,84.9,0.63,0.17,0.24,0.42,14.2,27.6,0.94,0.05,0.08,0.69,59.8,80.6,0.35
Denmark,Port activites,Port and water projects,Service activities incidental to water transportation,1376,2849,1.07,287.9,565.3,0.96,193.9,370.1,0.91,0.67,0.65,-0.03,105.1,186.5,0.77,0.37,0.33,-0.1,64.6,64.4,0
Denmark,Shipbuilding and repair,Shipbuilding,Building of ships and floating structures,2300,912,-0.6,617.1,393.1,-0.36,123.8,94,-0.24,0.2,0.24,0.19,35.6,28.3,1.79,-0.06,0.07,2.25,69.3,72,0.04
Denmark,Shipbuilding and repair,Shipbuilding,Building of pleasure and sporting boats,225,257,0.14,59.2,53.2,-0.1,16.1,14.5,-0.1,0.27,0.27,0,1.7,0.7,-0.59,0.03,0.01,-0.54,64,53.7,-0.16
Denmark,Shipbuilding and repair,Shipbuilding,Repair and maintenance of ships and boats,1333,1792,0.34,299.6,424.8,0.42,92.1,159.9,0.74,0.31,0.38,0.22,22.9,53.3,1.33,0.08,0.13,0.64,51.9,59.5,0.15
Denmark,Shipbuilding and repair,Equipment and machinery,"Manufacture of engines and turbines, except aircraft",402,30,-0.93,248.4,22.2,-0.91,45.2,3.6,-0.92,0.18,0.16,-0.11,17.5,1.1,-0.93,0.07,0.05,-0.27,68.8,82.4,0.2
Denmark,Shipbuilding and repair,Equipment and machinery,"Manufacture of instruments for measuring, testing and navigation",23,63,1.74,4.1,17.1,3.14,1.9,8.2,3.32,0.46,0.48,0.05,0.4,3.3,8.34,0.08,0.19,1.26,67.1,77.4,0.15
Denmark,Shipbuilding and repair,Equipment and machinery,Manufacture of other fabricated metal products n.e.c.,114,12,-0.89,18.1,1.9,-0.89,6.9,0.8,-0.88,0.38,0.42,0.1,1.1,0.2,-0.81,0.06,0.1,0.75,51.5,52.3,0.01
Denmark,Shipbuilding and repair,Equipment and machinery,Manufacture of sport goods,NA,NA,NA,NA,NA,NA,NA,NA,NA,NA,NA,NA,NA,NA,NA,NA,NA,NA,NA,NA,NA
Denmark,Shipbuilding and repair,Equipment and machinery,"Manufacture of cordage, rope, twine and netting",56,95,0.7,10.1,20.9,1.07,2.6,8.1,2.06,0.26,0.39,0.49,0.3,2.6,7.13,0.03,0.12,2.94,41.4,57.6,0.39
Denmark,Shipbuilding and repair,Equipment and machinery,Manufacture of textiles other than apparel,88,103,0.17,14,21.6,0.55,4.6,6.9,0.52,0.33,0.32,-0.02,0.5,2,3.39,0.03,0.09,1.83,46.8,47.5,0.01
Denmark,Maritime transport,Passenger transport,Sea and coastal passenger water transport,4420,5351,0.21,1174.1,2178.9,0.86,413.6,758.8,0.83,0.35,0.35,-0.01,178.6,436.8,1.45,0.15,0.2,0.32,53.2,60.2,0.13
Denmark,Maritime transport,Passenger transport,Inland passenger water transport,155,132,-0.15,81.9,20.4,-0.75,3.3,11.4,2.45,0.04,0.56,12.87,4.6,3.7,1.8,-0.06,0.18,4.23,51,59.1,0.16
Denmark,Maritime transport,Freight transport,Sea and coastal freight water transport,14285,12350,-0.14,22904.9,26150.7,0.14,1776.4,2906.6,0.64,0.08,0.11,0.43,817.7,1856.3,1.27,0.04,0.07,0.99,67.1,85,0.27
Denmark,Maritime transport,Freight transport,Inland freight water transport,28,25,-0.11,5.5,6.9,0.25,2.7,1.5,-0.44,0.49,0.22,-0.56,1.4,0.3,-0.79,0.25,0.04,-0.83,47.3,44,-0.07
Denmark,Maritime transport,Services for transport,Renting and leasing of water transport equipment,47,69,0.47,47.2,88.5,0.88,25.5,33,0.29,0.54,0.37,-0.31,24.4,29.7,0.22,0.52,0.34,-0.35,23.4,47.8,1.04
Denmark,Maritime transport,Services for transport,Other transportation support activities,8212,9769,0.19,3435.1,5218.2,0.52,633.8,850.6,0.34,0.18,0.16,-0.12,147.2,169.9,0.15,0.04,0.03,-0.24,59.2,69.7,0.18
Denmark,Coastal tourism,Accommodation,Accommodation,20154,28334,0.41,1777,2893.6,0.63,752.5,1186,0.58,0.42,0.41,-0.03,173.9,339,0.95,0.1,0.12,0.2,28.7,29.9,0.04
Denmark,Coastal tourism,Transport,Transport,8158,12454,0.53,1455.4,NA,0.73,464,858.5,0.85,0.32,0.34,0.07,102.6,256.7,1.5,0.07,0.1,0.45,44.3,48.3,0.09
Denmark,Coastal tourism,Other expenditure,Other expenditure,15706,36766,1.34,1571.6,3323.7,1.11,460.4,1018.9,1.21,0.29,0.31,0.05,112.8,197.1,0.75,0.07,0.06,-0.17,22.1,22.4,0.01
Estonia,Marine living resources,Primary production,Capture fisheries (SSCF),1646,2066,0.26,4.2,5.6,0.36,2.5,3,0.18,0.6,0.52,-0.13,1.2,1,-0.18,0.3,0.18,-0.4,0.8,0.9,0.21
Estonia,Marine living resources,Primary production,Capture fisheries (LSF),253,153,-0.4,12.9,9.7,-0.25,8.1,6.5,-0.2,0.63,0.67,0.07,3.7,2.7,-0.27,0.29,0.28,-0.03,17.2,24.7,0.43
Estonia,Marine living resources,Primary production,Capture fisheries (DWF),NA,NA,NA,NA,NA,NA,NA,NA,NA,NA,NA,NA,NA,NA,NA,NA,NA,NA,NA,NA,NA
Estonia,Marine living resources,Primary production,Marine aquaculture,NA,NA,NA,NA,NA,NA,NA,NA,NA,NA,NA,NA,NA,NA,NA,NA,NA,NA,NA,NA,NA
Estonia,Marine living resources,Primary production,Freshwater aquaculture,20,36,0.8,1.4,2,0.44,0.4,0.2,-0.57,0.3,0.09,-0.7,0.2,0.3,-2.47,0.14,-0.14,-2,5.8,8.4,0.45
Estonia,Marine living resources,Primary production,Shellfish aquaculture,4,1,-0.75,0,0,-0.25,0,0,0,0.52,0.66,0.25,0,NA,NA,0.2,0.16,-0.19,0,0.1,2.33
Estonia,Marine living resources,Processing of fish products,"Processing and preserving of fish, crustaceans and molluscs",1831,1385,-0.24,110.2,126.8,0.15,22.9,23.4,0.02,0.21,0.18,-0.11,7.1,5,-0.3,0.06,0.04,-0.39,8.6,13.3,0.54
Estonia,Marine living resources,Processing of fish products,Manufacture of oils and fats,NA,NA,NA,0.4,NA,NA,0,NA,NA,0.07,NA,NA,0,NA,NA,0.05,NA,NA,18.9,NA,NA
Estonia,Marine living resources,Processing of fish products,Prepared meals and dishes,113,203,0.8,7.2,12.5,0.74,1.7,4.1,1.48,0.23,0.33,0.42,0.6,1.2,0.92,0.09,0.1,0.11,9.2,14.3,0.55
Estonia,Marine living resources,Processing of fish products,Other food products,1,NA,NA,0.1,NA,NA,0,NA,NA,0.2,NA,NA,0,NA,NA,0.07,NA,NA,11.7,NA,NA
Estonia,Marine living resources,Distribution of fish products,"Wholesale of other food, including fish, crustaceans and molluscs",393,430,0.09,91.4,140.9,0.54,6.8,10.2,0.5,0.07,0.07,-0.02,2.3,4.9,1.11,0.03,0.03,0.37,11.3,12.5,0.1
Estonia,Marine living resources,Distribution of fish products,"Retail sale of fish, crustaceans and molluscs In specialised stores",43,43,0,1.6,1.6,0,0.1,0.1,0,0.06,0.06,0,NA,NA,NA,NA,NA,NA,2.3,2.3,0
Estonia,Marine non-living resources,Oil and gas,Extraction of crude petroleum,NA,NA,NA,NA,NA,NA,NA,NA,NA,NA,NA,NA,NA,NA,NA,NA,NA,NA,NA,NA,NA
Estonia,Marine non-living resources,Oil and gas,Extraction of natural gas,NA,NA,NA,NA,NA,NA,NA,NA,NA,NA,NA,NA,NA,NA,NA,NA,NA,NA,NA,NA,NA
Estonia,Marine non-living resources,Oil and gas,Support activities for petroleum and natural gas extraction,NA,NA,NA,NA,NA,NA,NA,NA,NA,NA,NA,NA,NA,NA,NA,NA,NA,NA,NA,NA,NA
Estonia,Marine non-living resources,Other minerals,Operation of gravel and sand pits; mining of clays and kaolin,NA,NA,NA,NA,NA,NA,NA,NA,NA,NA,NA,NA,NA,NA,NA,NA,NA,NA,NA,NA,NA
Estonia,Marine non-living resources,Other minerals,Extraction of salt,NA,NA,NA,NA,NA,NA,NA,NA,NA,NA,NA,NA,NA,NA,NA,NA,NA,NA,NA,NA,NA
Estonia,Marine non-living resources,Other minerals,Support activities for other mining and quarrying,NA,NA,NA,NA,NA,NA,NA,NA,NA,NA,NA,NA,NA,NA,NA,NA,NA,NA,NA,NA,NA
Estonia,Marine renewable energy,Offshore wind energy,Production of electricity,NA,NA,NA,NA,NA,NA,NA,NA,NA,NA,NA,NA,NA,NA,NA,NA,NA,NA,NA,NA,NA
Estonia,Marine renewable energy,Offshore wind energy,Transmission of electricity,NA,NA,NA,NA,NA,NA,NA,NA,NA,NA,NA,NA,NA,NA,NA,NA,NA,NA,NA,NA,NA
Estonia,Port activites,Cargo and warehousing,Cargo handling,880,775,-0.12,129.3,85.4,-0.34,64.5,40.8,-0.37,0.5,0.48,-0.04,47.2,20.1,-0.57,0.36,0.24,-0.36,19.7,26.8,0.36
Estonia,Port activites,Cargo and warehousing,Warehousing and storage,1353,1662,0.23,120.9,175,0.45,59.5,63,0.06,0.49,0.36,-0.27,38.1,31.1,-0.18,0.31,0.18,-0.44,15.8,19.2,0.21
Estonia,Port activites,Port and water projects,Construction of water projects,124,145,0.17,7.9,17.6,1.23,2.5,4.5,0.8,0.32,0.26,-0.19,1.1,2.1,0.91,0.14,0.12,-0.14,11.3,15.2,0.34
Estonia,Port activites,Port and water projects,Service activities incidental to water transportation,1238,1268,0.02,128.6,190.8,0.48,90.3,123.9,0.37,0.7,0.65,-0.08,67.8,87.4,0.29,0.53,0.46,-0.13,18.3,28.8,0.58
Estonia,Shipbuilding and repair,Shipbuilding,Building of ships and floating structures,308,426,0.38,30.5,54.7,0.79,7.8,15.2,0.95,0.26,0.28,0.09,3.5,6.9,0.97,0.11,0.13,0.1,14,19.5,0.4
Estonia,Shipbuilding and repair,Shipbuilding,Building of pleasure and sporting boats,303,323,0.07,13.4,20.2,0.51,5.6,7.5,0.34,0.42,0.37,-0.11,2.5,2.1,-0.16,0.19,0.1,-0.44,10.2,16.7,0.63
Estonia,Shipbuilding and repair,Shipbuilding,Repair and maintenance of ships and boats,1199,1956,0.63,90.6,165.3,0.82,24,51,1.13,0.26,0.31,0.17,6.4,14,1.2,0.07,0.08,0.21,14.7,18.9,0.28
Estonia,Shipbuilding and repair,Equipment and machinery,"Manufacture of engines and turbines, except aircraft",NA,NA,NA,NA,NA,NA,NA,NA,NA,NA,NA,NA,NA,NA,NA,NA,NA,NA,NA,NA,NA
Estonia,Shipbuilding and repair,Equipment and machinery,"Manufacture of instruments for measuring, testing and navigation",NA,11,NA,0,1.6,81,0,0.4,35,0.38,0.22,-0.43,NA,0.1,NA,0.15,0.08,-0.44,11.5,20.6,0.79
Estonia,Shipbuilding and repair,Equipment and machinery,Manufacture of other fabricated metal products n.e.c.,19,3,-0.84,1,0.3,-0.72,0.3,0.1,-0.72,0.3,0.3,0.01,0.1,0,-0.71,0.08,0.07,-0.13,11.5,19.6,0.7
Estonia,Shipbuilding and repair,Equipment and machinery,Manufacture of sport goods,238,210,-0.12,9.4,9.3,-0.02,4.4,3.4,-0.23,0.47,0.37,-0.21,2.4,0.6,-0.76,0.25,0.06,-0.76,8.6,13.9,0.61
Estonia,Shipbuilding and repair,Equipment and machinery,"Manufacture of cordage, rope, twine and netting",80,36,-0.55,3.4,1.6,-0.53,1.6,0.7,-0.6,0.48,0.41,-0.14,0.9,0.2,-0.75,0.25,0.13,-0.48,9.4,12,0.28
Estonia,Shipbuilding and repair,Equipment and machinery,Manufacture of textiles other than apparel,167,199,0.19,9.5,15.3,0.61,2.5,4,0.59,0.26,0.26,-0.01,0.9,1.2,0.27,0.1,0.08,-0.22,9.4,14.1,0.5
Estonia,Maritime transport,Passenger transport,Sea and coastal passenger water transport,844,766,-0.09,406.6,530,0.3,14.8,22.1,0.49,0.04,0.04,0.15,1.3,1.2,0.08,0,0,0.29,19.1,30.3,0.59
Estonia,Maritime transport,Passenger transport,Inland passenger water transport,NA,NA,NA,NA,NA,NA,NA,NA,NA,NA,NA,NA,NA,NA,NA,NA,NA,NA,NA,NA,NA
Estonia,Maritime transport,Freight transport,Sea and coastal freight water transport,138,138,0,27.5,27.5,0,12.7,12.7,0,0.46,0.46,0,7.2,7.2,0,0.26,0.26,0,39.9,39.9,0
Estonia,Maritime transport,Freight transport,inland freight water transport,NA,NA,NA,NA,NA,NA,NA,NA,NA,NA,NA,NA,NA,NA,NA,NA,NA,NA,NA,NA,NA
Estonia,Maritime transport,Services for transport,Renting and leasing of water transport equipment,40,55,0.38,14.8,19,0.28,11.5,15.1,0.31,0.78,0.79,0.02,11.4,15,0.32,0.77,0.79,0.02,2.5,1.8,-0.27
Estonia,Maritime transport,Services for transport,Other transportation support activities,1110,1471,0.33,360.5,489.6,0.36,23.2,66.1,1.85,0.06,0.14,1.1,5.4,33.6,5.24,0.01,0.07,3.59,16,22.1,0.38
Estonia,Coastal tourism,Accommodation,Accommodation,10469,9266,-0.11,286.3,409.7,0.43,91.2,175,0.92,0.32,0.43,0.34,3.5,57.9,15.64,0.01,0.14,10.63,8.4,12.6,0.51
Estonia,Coastal tourism,Transport,Transport,4562,2447,-0.46,467.8,508.1,0.09,74.2,57.9,-0.22,0.16,0.11,-0.28,24.9,24.4,-0.02,0.05,0.05,-0.1,10.8,13.7,0.26
Estonia,Coastal tourism,Other expenditure,Other expenditure,32178,20022,-0.38,1231.1,1154.8,-0.06,259.2,266.3,0.03,0.21,0.23,0.1,21.4,49.9,1.33,0.02,0.04,1.49,7.4,10.8,0.46
Finland,Marine living resources,Primary production,Capture fisheries (SSCF),1306,1074,-0.18,13.1,9.9,-0.24,8,6.1,-0.24,0.61,0.62,0.01,4.6,4.2,-0.1,0.35,0.42,0.19,2.6,1.8,-0.3
Finland,Marine living resources,Primary production,Capture fisheries (LSF),141,132,-0.06,18,24.8,0.38,6.3,9.3,0.47,0.35,0.38,0.07,2.9,5.1,0.78,0.16,0.21,0.29,24.5,32,0.31
Finland,Marine living resources,Primary production,Capture fisheries (DWF),NA,NA,NA,NA,NA,NA,NA,NA,NA,NA,NA,NA,NA,NA,NA,NA,NA,NA,NA,NA,NA
Finland,Marine living resources,Primary production,Marine aquaculture,80,89,0.11,6.2,20.5,2.32,4.1,4.8,0.17,0.66,0.23,-0.65,0.8,1.7,1.18,0.13,0.08,-0.34,30.4,25.1,-0.17
Finland,Marine living resources,Primary production,Freshwater aquaculture,369,348,-0.06,33,53.5,0.62,14.6,11.8,-0.19,0.44,0.22,-0.5,2.3,0.2,-0.93,0.07,0,-0.96,29.4,25.5,-0.13
Finland,Marine living resources,Primary production,Shellfish aquaculture,NA,NA,NA,NA,NA,NA,NA,NA,NA,NA,NA,NA,NA,NA,NA,NA,NA,NA,NA,NA,NA
Finland,Marine living resources,Processing of fish products,"Processing and preserving of fish, crustaceans and molluscs",907,974,0.07,195.9,353.3,0.8,36.3,49.1,0.35,0.19,0.14,-0.25,10.1,19.4,0.92,0.05,0.05,0.07,28.9,30.5,0.06
Finland,Marine living resources,Processing of fish products,Manufacture of oils and fats,NA,NA,NA,NA,NA,NA,NA,NA,NA,NA,NA,NA,NA,NA,NA,NA,NA,NA,NA,NA,NA
Finland,Marine living resources,Processing of fish products,Prepared meals and dishes,119,198,0.66,20.8,39.5,0.9,6.3,12.3,0.96,0.3,0.31,0.03,2.1,4.2,1.02,0.1,0.11,0.06,35.5,40.9,0.15
Finland,Marine living resources,Processing of fish products,Other food products,4,NA,NA,0.6,NA,NA,0.2,NA,NA,0.29,NA,NA,0.1,NA,NA,0.1,NA,NA,31,NA,NA
Finland,Marine living resources,Distribution of fish products,"Wholesale of other food, including fish, crustaceans and molluscs",1169,1238,0.06,610.9,765.3,0.25,103.7,108.3,0.04,0.17,0.14,-0.17,53.1,53.1,0,0.09,0.07,-0.2,43.3,44.6,0.03
Finland,Marine living resources,Distribution of fish products,"Retail sale of fish, crustaceans and molluscs In specialised stores",700,663,-0.05,107.6,152.8,0.42,22.8,27.7,0.21,0.21,0.18,-0.14,6,9.8,0.63,0.06,0.06,0.15,24,27,0.13
Finland,Marine non-living resources,Oil and gas,Extraction of crude petroleum,NA,NA,NA,NA,NA,NA,NA,NA,NA,NA,NA,NA,NA,NA,NA,NA,NA,NA,NA,NA,NA
Finland,Marine non-living resources,Oil and gas,Extraction of natural gas,NA,NA,NA,NA,NA,NA,NA,NA,NA,NA,NA,NA,NA,NA,NA,NA,NA,NA,NA,NA,NA
Finland,Marine non-living resources,Oil and gas,Support activities for petroleum and natural gas extraction,NA,NA,NA,NA,NA,NA,NA,NA,NA,NA,NA,NA,NA,NA,NA,NA,NA,NA,NA,NA,NA
Finland,Marine non-living resources,Other minerals,Operation of gravel and sand pits; mining of clays and kaolin,NA,NA,NA,NA,NA,NA,NA,NA,NA,NA,NA,NA,NA,NA,NA,NA,NA,NA,NA,NA,NA
Finland,Marine non-living resources,Other minerals,Extraction of salt,NA,NA,NA,NA,NA,NA,NA,NA,NA,NA,NA,NA,NA,NA,NA,NA,NA,NA,NA,NA,NA
Finland,Marine non-living resources,Other minerals,Support activities for other mining and quarrying,NA,NA,NA,NA,NA,NA,NA,NA,NA,NA,NA,NA,NA,NA,NA,NA,NA,NA,NA,NA,NA
Finland,Marine renewable energy,Offshore wind energy,Production of electricity,NA,NA,NA,NA,NA,NA,NA,NA,NA,NA,NA,NA,NA,NA,NA,NA,NA,NA,NA,NA,NA
Finland,Marine renewable energy,Offshore wind energy,Transmission of electricity,NA,NA,NA,NA,NA,NA,NA,NA,NA,NA,NA,NA,NA,NA,NA,NA,NA,NA,NA,NA,NA
Finland,Port activites,Cargo and warehousing,Cargo handling,1568,1365,-0.13,164.3,213.7,0.3,80.4,94.9,0.18,0.49,0.44,-0.09,6.9,21.3,2.07,0.04,0.1,1.36,46.9,54,0.15
Finland,Port activites,Cargo and warehousing,Warehousing and storage,4494,2540,-0.43,596,425.1,-0.29,209.7,151.2,-0.28,0.35,0.36,0.01,46.5,49.3,0.06,0.08,0.12,0.49,36.3,40.1,0.1
Finland,Port activites,Port and water projects,Construction of water projects,555,522,-0.06,105.8,112.4,0.06,38.4,33.7,-0.12,0.36,0.3,-0.17,15.6,10.4,-0.33,0.15,0.09,-0.37,41.1,44.6,0.09
Finland,Port activites,Port and water projects,Service activities incidental to water transportation,1759,1781,0.01,308.3,413.3,0.34,208.8,274.5,0.31,0.68,0.66,-0.02,114.8,172.7,0.5,0.37,0.42,0.12,53.4,57.2,0.07
Finland,Shipbuilding and repair,Shipbuilding,Building of ships and floating structures,5512,3796,-0.31,1191.5,1445.1,0.21,219.7,193.9,-0.12,0.18,0.13,-0.27,6.4,4.4,1.69,-0.01,0,1.57,41,49.9,0.22
Finland,Shipbuilding and repair,Shipbuilding,Building of pleasure and sporting boats,2443,1943,-0.2,224,298.3,0.33,63.2,81.8,0.29,0.28,0.27,-0.03,9.8,0.7,1.07,-0.04,0,1.05,29.9,41.7,0.4
Finland,Shipbuilding and repair,Shipbuilding,Repair and maintenance of ships and boats,791,834,0.05,84.3,132.8,0.58,32.9,38.7,0.18,0.39,0.29,-0.25,9.4,10.9,0.16,0.11,0.08,-0.26,29.6,33.3,0.13
Finland,Shipbuilding and repair,Equipment and machinery,"Manufacture of engines and turbines, except aircraft",1618,357,-0.78,946.5,178.9,-0.81,194.4,31.3,-0.84,0.21,0.17,-0.15,93.2,5.5,-0.94,0.1,0.03,-0.69,62.5,72.1,0.15
Finland,Shipbuilding and repair,Equipment and machinery,"Manufacture of instruments for measuring, testing and navigation",9,320,34.56,1.8,57,30.66,0.7,25.4,34.79,0.4,0.45,0.13,0.3,7,25.73,0.14,0.12,-0.16,48.8,57.7,0.18
Finland,Shipbuilding and repair,Equipment and machinery,Manufacture of other fabricated metal products n.e.c.,130,18,-0.86,15.7,2.9,-0.82,5.9,1,-0.82,0.37,0.36,-0.03,1.4,0.3,-0.77,0.09,0.11,0.24,34.2,39.3,0.15
Finland,Shipbuilding and repair,Equipment and machinery,Manufacture of sport goods,276,186,-0.33,39.7,28.9,-0.27,11.9,9.1,-0.23,0.3,0.32,0.06,2.8,1.8,-0.36,0.07,0.06,-0.12,33,39.5,0.2
Finland,Shipbuilding and repair,Equipment and machinery,"Manufacture of cordage, rope, twine and netting",15,NA,NA,1.6,NA,NA,0.7,NA,NA,0.42,NA,NA,0.2,NA,NA,0.13,NA,NA,31.7,NA,NA
Finland,Shipbuilding and repair,Equipment and machinery,Manufacture of textiles other than apparel,460,316,-0.31,45.9,39,-0.15,16,14.8,-0.07,0.35,0.38,0.09,4.1,5.1,0.23,0.09,0.13,0.45,25.7,30.7,0.19
Finland,Maritime transport,Passenger transport,Sea and coastal passenger water transport,5640,5807,0.03,1018.8,1167.8,0.15,275.3,323.8,0.18,0.27,0.28,0.03,33.6,66.4,0.98,0.03,0.06,0.72,42.9,44.3,0.03
Finland,Maritime transport,Passenger transport,Inland passenger water transport,234,183,-0.22,12.2,10.7,-0.12,6.4,5.3,-0.17,0.52,0.5,-0.06,1.8,1.2,-0.33,0.15,0.11,-0.24,19.7,22.4,0.14
Finland,Maritime transport,Freight transport,Sea and coastal freight water transport,3793,2847,-0.25,1379.2,881.1,-0.36,292.4,349.7,0.2,0.21,0.4,0.87,100.9,178.3,0.77,0.07,0.2,1.77,50.5,60.2,0.19
Finland,Maritime transport,Freight transport,inland freight water transport,38,43,0.13,4.3,6,0.4,1.7,2.5,0.47,0.4,0.42,0.05,0.1,1,11,-0.02,0.17,8.17,47.4,34.9,-0.26
Finland,Maritime transport,Services for transport,Renting and leasing of water transport equipment,11,18,0.64,1.6,5.7,2.56,0.7,3.5,4,0.44,0.61,0.4,0.5,3.2,5.4,0.31,0.56,0.8,28.6,16.7,-0.42
Finland,Maritime transport,Services for transport,Other transportation support activities,1496,1135,-0.24,482.7,425.4,-0.12,71.5,62.6,-0.12,0.15,0.15,-0.01,13.3,12.5,-0.06,0.03,0.03,0.07,38.9,44.2,0.14
Finland,Coastal tourism,Accommodation,Accommodation,4433,5516,0.24,461,709.1,0.54,141.8,240.5,0.7,0.31,0.34,0.1,25.1,81.3,2.23,0.05,0.11,1.1,26.3,28.9,0.1
Finland,Coastal tourism,Transport,Transport,6079,6132,0.01,798.1,966.8,0.21,259.7,357,0.37,0.33,0.37,0.13,65.8,126.4,0.92,0.08,0.13,0.59,31.9,37.6,0.18
Finland,Coastal tourism,Other expenditure,Other expenditure,7844,11907,0.52,868.9,1420.9,0.64,244,411.8,0.69,0.28,0.29,0.03,63,101.1,0.6,0.07,0.07,-0.02,23.1,26.1,0.13
Germany,Marine living resources,Primary production,Capture fisheries (SSCF),559,807,0.44,9,7.7,-0.15,2.5,2.1,-0.14,0.27,0.28,0.01,1.1,0.7,0.4,-0.12,-0.09,0.29,6.4,3.5,-0.46
Germany,Marine living resources,Primary production,Capture fisheries (LSF),970,849,-0.12,127.4,168.8,0.33,62.6,80.8,0.29,0.49,0.48,-0.03,17.7,28.5,0.61,0.14,0.17,0.21,46.3,61.6,0.33
Germany,Marine living resources,Primary production,Capture fisheries (DWF),NA,NA,NA,NA,NA,NA,NA,NA,NA,NA,NA,NA,NA,NA,NA,NA,NA,NA,NA,NA,NA
Germany,Marine living resources,Primary production,Marine aquaculture,NA,NA,NA,NA,NA,NA,NA,NA,NA,NA,NA,NA,NA,NA,NA,NA,NA,NA,NA,NA,NA
Germany,Marine living resources,Primary production,Freshwater aquaculture,815,823,0.01,93.5,78.7,-0.16,26.2,23.9,-0.09,0.28,0.3,0.08,1.2,7.7,7.25,-0.01,0.1,8.43,14.2,11.5,-0.19
Germany,Marine living resources,Primary production,Shellfish aquaculture,58,127,1.19,5.8,25.3,3.4,2.7,14.4,4.37,0.47,0.57,0.22,0.6,8.7,15.26,-0.11,0.34,4.27,50,32.9,-0.34
Germany,Marine living resources,Processing of fish products,"Processing and preserving of fish, crustaceans and molluscs",8389,7521,-0.1,2179.5,2457.2,0.13,342,392.6,0.15,0.16,0.16,0.02,77.5,130.1,0.68,0.04,0.05,0.49,31.5,34.9,0.11
Germany,Marine living resources,Processing of fish products,Manufacture of oils and fats,12,31,1.58,16,41.9,1.63,1,3.5,2.45,0.06,0.08,0.32,0.4,1.7,3.31,0.02,0.04,0.62,52.3,57.5,0.1
Germany,Marine living resources,Processing of fish products,Prepared meals and dishes,1186,2560,1.16,280.9,494.7,0.76,63.6,123.1,0.94,0.23,0.25,0.1,25.6,27.5,0.08,0.09,0.06,-0.39,32,37.3,0.17
Germany,Marine living resources,Processing of fish products,Other food products,101,NA,NA,25.6,0.1,-0.99,6.8,0,-0.99,0.27,0.28,0.07,2.3,0,-1,0.09,0.11,0.23,44.3,54.2,0.22
Germany,Marine living resources,Distribution of fish products,"Wholesale of other food, including fish, crustaceans and molluscs",23992,29956,0.25,12923.6,19502.7,0.51,1303.6,1762.5,0.35,0.1,0.09,-0.1,575.7,603.6,0.05,0.04,0.03,-0.31,30.3,38.7,0.28
Germany,Marine living resources,Distribution of fish products,"Retail sale of fish, crustaceans and molluscs In specialised stores",7613,5625,-0.26,411.2,426.4,0.04,125.1,121,-0.03,0.3,0.28,-0.07,52.6,50.3,-0.04,0.13,0.12,-0.08,9.5,12.6,0.32
Germany,Marine non-living resources,Oil and gas,Extraction of crude petroleum,NA,NA,NA,NA,NA,NA,NA,NA,NA,NA,NA,NA,NA,NA,NA,NA,NA,NA,NA,NA,NA
Germany,Marine non-living resources,Oil and gas,Extraction of natural gas,145,35,-0.76,106.3,26.8,-0.75,45,6.4,-0.86,0.42,0.24,-0.43,28.7,2.2,-0.92,0.27,0.08,-0.69,112.8,119.6,0.06
Germany,Marine non-living resources,Oil and gas,Support activities for petroleum and natural gas extraction,NA,NA,NA,NA,NA,NA,NA,NA,NA,NA,NA,NA,NA,NA,NA,NA,NA,NA,NA,NA,NA
Germany,Marine non-living resources,Other minerals,Operation of gravel and sand pits; mining of clays and kaolin,140,301,1.15,20.8,57.8,1.77,8.6,22,1.57,0.41,0.38,-0.07,3.1,8.7,1.84,0.15,0.15,0.02,39.4,44.2,0.12
Germany,Marine non-living resources,Other minerals,Extraction of salt,NA,NA,NA,NA,NA,NA,NA,NA,NA,NA,NA,NA,NA,NA,NA,NA,NA,NA,NA,NA,NA
Germany,Marine non-living resources,Other minerals,Support activities for other mining and quarrying,NA,NA,NA,NA,NA,NA,NA,NA,NA,NA,NA,NA,NA,NA,NA,NA,NA,NA,NA,NA,NA
Germany,Marine renewable energy,Offshore wind energy,Production of electricity,NA,NA,NA,NA,NA,NA,NA,NA,NA,NA,NA,NA,NA,NA,NA,NA,NA,NA,NA,NA,NA
Germany,Marine renewable energy,Offshore wind energy,Transmission of electricity,NA,NA,NA,NA,NA,NA,NA,NA,NA,NA,NA,NA,NA,NA,NA,NA,NA,NA,NA,NA,NA
Germany,Port activites,Cargo and warehousing,Cargo handling,2031,3470,0.71,284.2,591.4,1.08,125.2,265.8,1.12,0.44,0.45,0.02,50.6,96.7,0.91,0.18,0.16,-0.08,36.7,48.7,0.33
Germany,Port activites,Cargo and warehousing,Warehousing and storage,51626,100711,0.95,5626.5,13179,1.34,2143.1,4630.6,1.16,0.38,0.35,-0.08,641.6,1153.6,0.8,0.11,0.09,-0.23,29.1,34.5,0.19
Germany,Port activites,Port and water projects,Construction of water projects,2648,2950,0.11,302.9,629.7,1.08,117.1,214,0.83,0.39,0.34,-0.12,2.6,78.8,31.31,-0.01,0.13,15.58,45.2,45.8,0.01
Germany,Port activites,Port and water projects,Service activities incidental to water transportation,18074,16674,-0.08,2581.9,3396.7,0.32,1555,1713.8,0.1,0.6,0.5,-0.16,651.8,760.4,0.17,0.25,0.22,-0.11,50,57.2,0.14
Germany,Shipbuilding and repair,Shipbuilding,Building of ships and floating structures,15288,13067,-0.15,3880.3,5175.5,0.33,783.1,1080.2,0.38,0.2,0.21,0.03,89.6,220.3,3.46,-0.02,0.04,2.84,57.1,65.8,0.15
Germany,Shipbuilding and repair,Shipbuilding,Building of pleasure and sporting boats,3747,6171,0.65,983,2239,1.28,256.8,528.8,1.06,0.26,0.24,-0.1,91.2,213.8,1.34,0.09,0.1,0.03,44.2,51.1,0.15
Germany,Shipbuilding and repair,Shipbuilding,Repair and maintenance of ships and boats,6871,6777,-0.01,1252,1038.6,-0.17,423.6,354.2,-0.16,0.34,0.34,0.01,128.2,43.6,-0.66,0.1,0.04,-0.59,43,45.8,0.07
Germany,Shipbuilding and repair,Equipment and machinery,"Manufacture of engines and turbines, except aircraft",9571,8996,-0.06,2357.6,3633.2,0.54,569,907,0.59,0.24,0.25,0.03,33.3,120.5,4.62,-0.01,0.03,3.35,62.9,87.4,0.39
Germany,Shipbuilding and repair,Equipment and machinery,"Manufacture of instruments for measuring, testing and navigation",1433,1405,-0.02,218.6,296.1,0.35,82.4,123.1,0.49,0.38,0.42,0.1,7.8,31.9,3.11,0.04,0.11,2.03,52.1,65,0.25
Germany,Shipbuilding and repair,Equipment and machinery,Manufacture of other fabricated metal products n.e.c.,2607,389,-0.85,398.5,62.9,-0.84,131.1,23.9,-0.82,0.33,0.38,0.16,37,6.9,-0.81,0.09,0.11,0.18,36.1,43.8,0.21
Germany,Shipbuilding and repair,Equipment and machinery,Manufacture of sport goods,84,35,-0.58,10.5,4.9,-0.53,3.5,1.7,-0.52,0.34,0.34,0.03,0.8,0.3,-0.64,0.07,0.06,-0.22,32.5,40,0.23
Germany,Shipbuilding and repair,Equipment and machinery,"Manufacture of cordage, rope, twine and netting",NA,NA,NA,NA,NA,NA,NA,NA,NA,NA,NA,NA,NA,NA,NA,NA,NA,NA,NA,NA,NA
Germany,Shipbuilding and repair,Equipment and machinery,Manufacture of textiles other than apparel,4,2824,705,0.5,394.9,857.57,0.1,139.9,998.43,0.32,0.35,0.12,0,44.3,1107.25,0.09,0.11,0.25,25.7,33.9,0.32
Germany,Maritime transport,Passenger transport,Sea and coastal passenger water transport,1604,3629,1.26,369.6,3142.9,7.5,218.4,1533,6.02,0.59,0.49,-0.17,153.2,1363.7,7.9,0.41,0.43,0.05,40.7,46.7,0.15
Germany,Maritime transport,Passenger transport,Inland passenger water transport,4446,6103,0.37,412.6,545.2,0.32,185.7,304.4,0.64,0.45,0.56,0.24,87.3,162.4,0.86,0.21,0.3,0.41,22.2,23.3,0.05
Germany,Maritime transport,Freight transport,Sea and coastal freight water transport,26803,14728,-0.45,20963.1,29909.1,0.43,6924.4,4167.8,-0.4,0.33,0.14,-0.58,5586.5,3276.6,-0.41,0.27,0.11,-0.59,49.9,60.5,0.21
Germany,Maritime transport,Freight transport,inland freight water transport,4082,4211,0.03,1647.9,1689.1,0.03,650.5,385.3,-0.41,0.39,0.23,-0.42,516.8,235.7,-0.54,0.31,0.14,-0.56,32.8,35.5,0.08
Germany,Maritime transport,Services for transport,Renting and leasing of water transport equipment,2070,2359,0.14,1449.4,523.6,-0.64,871.8,291.4,-0.67,0.6,0.56,-0.07,856.6,271.3,-0.68,0.59,0.52,-0.12,7.3,8.5,0.17
Germany,Maritime transport,Services for transport,Other transportation support activities,70364,101551,0.44,12125.8,19965.7,0.65,3638.9,NA,0.43,0.3,0.26,-0.13,1441.4,1679.1,0.16,0.12,0.08,-0.29,31.2,34.6,0.11
Germany,Coastal tourism,Accommodation,Accommodation,98391,97605,-0.01,4058.2,5139.8,0.27,2164.1,NA,0.2,0.53,0.51,-0.05,838.8,972.3,0.16,0.21,0.19,-0.08,13.5,16.7,0.24
Germany,Coastal tourism,Transport,Transport,33842,33847,0,3750.7,3981.5,0.06,1215.7,1296.9,0.07,0.32,0.33,0,304.6,287.2,-0.06,0.08,0.07,-0.11,26.9,29.8,0.11
Germany,Coastal tourism,Other expenditure,Other expenditure,48248,69540,0.44,3130.2,5061.4,0.62,949.6,1478.6,0.56,0.3,0.29,-0.04,331.8,464.7,0.4,0.11,0.09,-0.13,12.8,14.6,0.14
Latvia,Marine living resources,Primary production,Capture fisheries (SSCF),1110,295,-0.73,0.9,1.4,0.57,0.8,0.7,-0.07,0.87,0.52,-0.4,0.6,0.2,-0.69,0.68,0.13,-0.8,0.2,1.8,10.8
Latvia,Marine living resources,Primary production,Capture fisheries (LSF),556,335,-0.4,20.9,18.9,-0.1,11.3,7.6,-0.33,0.54,0.4,-0.26,7.9,4,-0.49,0.38,0.21,-0.43,6,10.5,0.74
Latvia,Marine living resources,Primary production,Capture fisheries (DWF),NA,NA,NA,NA,NA,NA,NA,NA,NA,NA,NA,NA,NA,NA,NA,NA,NA,NA,NA,NA,NA
Latvia,Marine living resources,Primary production,Marine aquaculture,NA,NA,NA,NA,NA,NA,NA,NA,NA,NA,NA,NA,NA,NA,NA,NA,NA,NA,NA,NA,NA
Latvia,Marine living resources,Primary production,Freshwater aquaculture,236,250,0.06,5.1,5.7,0.11,1.6,2.8,0.77,0.31,0.49,0.58,3.3,2,0.4,-0.64,-0.34,0.46,8.7,8.3,-0.05
Latvia,Marine living resources,Primary production,Shellfish aquaculture,NA,NA,NA,NA,NA,NA,NA,NA,NA,NA,NA,NA,NA,NA,NA,NA,NA,NA,NA,NA,NA
Latvia,Marine living resources,Processing of fish products,"Processing and preserving of fish, crustaceans and molluscs",4728,3521,-0.26,153.2,183.2,0.2,29.5,34.8,0.18,0.19,0.19,-0.01,7.5,7,-0.07,0.05,0.04,-0.22,4.7,7.9,0.7
Latvia,Marine living resources,Processing of fish products,Manufacture of oils and fats,3,12,3,0.3,2.1,7.28,0,0.2,-9,-0.09,-0.09,0,0.1,0.4,-6.8,-0.19,-0.19,0,8.1,15,0.87
Latvia,Marine living resources,Processing of fish products,Prepared meals and dishes,299,269,-0.1,16.7,10.6,-0.37,2.6,2.9,0.12,0.15,0.28,0.78,1.3,1.1,-0.17,0.08,0.1,0.31,4.2,6.5,0.54
Latvia,Marine living resources,Processing of fish products,Other food products,NA,NA,NA,NA,NA,NA,NA,NA,NA,NA,NA,NA,NA,NA,NA,NA,NA,NA,NA,NA,NA
Latvia,Marine living resources,Distribution of fish products,"Wholesale of other food, including fish, crustaceans and molluscs",837,718,-0.14,150.7,167.2,0.11,16.4,16.9,0.03,0.11,0.1,-0.07,10.1,8.7,-0.14,0.07,0.05,-0.22,7.5,11.4,0.51
Latvia,Marine living resources,Distribution of fish products,"Retail sale of fish, crustaceans and molluscs In specialised stores",86,109,0.27,1.8,2,0.11,0.2,0.3,0.5,0.11,0.15,0.35,0.1,NA,NA,-0.06,NA,NA,3.5,2.8,-0.21
Latvia,Marine non-living resources,Oil and gas,Extraction of crude petroleum,NA,NA,NA,NA,NA,NA,NA,NA,NA,NA,NA,NA,NA,NA,NA,NA,NA,NA,NA,NA,NA
Latvia,Marine non-living resources,Oil and gas,Extraction of natural gas,NA,NA,NA,NA,NA,NA,NA,NA,NA,NA,NA,NA,NA,NA,NA,NA,NA,NA,NA,NA,NA
Latvia,Marine non-living resources,Oil and gas,Support activities for petroleum and natural gas extraction,NA,NA,NA,NA,NA,NA,NA,NA,NA,NA,NA,NA,NA,NA,NA,NA,NA,NA,NA,NA,NA
Latvia,Marine non-living resources,Other minerals,Operation of gravel and sand pits; mining of clays and kaolin,NA,NA,NA,NA,NA,NA,NA,NA,NA,NA,NA,NA,NA,NA,NA,NA,NA,NA,NA,NA,NA
Latvia,Marine non-living resources,Other minerals,Extraction of salt,NA,NA,NA,NA,NA,NA,NA,NA,NA,NA,NA,NA,NA,NA,NA,NA,NA,NA,NA,NA,NA
Latvia,Marine non-living resources,Other minerals,Support activities for other mining and quarrying,NA,NA,NA,NA,NA,NA,NA,NA,NA,NA,NA,NA,NA,NA,NA,NA,NA,NA,NA,NA,NA
Latvia,Marine renewable energy,Offshore wind energy,Production of electricity,NA,NA,NA,NA,NA,NA,NA,NA,NA,NA,NA,NA,NA,NA,NA,NA,NA,NA,NA,NA,NA
Latvia,Marine renewable energy,Offshore wind energy,Transmission of electricity,NA,NA,NA,NA,NA,NA,NA,NA,NA,NA,NA,NA,NA,NA,NA,NA,NA,NA,NA,NA,NA
Latvia,Port activites,Cargo and warehousing,Cargo handling,2294,2347,0.02,204,200.7,-0.02,83.9,85,0.01,0.41,0.42,0.03,53.4,47.7,-0.11,0.26,0.24,-0.09,13.3,15.9,0.2
Latvia,Port activites,Cargo and warehousing,Warehousing and storage,1167,2057,0.76,57,102.6,0.8,19.5,37.8,0.94,0.34,0.37,0.08,9.5,16.5,0.73,0.17,0.16,-0.04,8.6,10.4,0.21
Latvia,Port activites,Port and water projects,Construction of water projects,902,671,-0.26,103.5,73.2,-0.29,20.1,13.2,-0.34,0.19,0.18,-0.07,9.9,2.6,-0.74,0.1,0.04,-0.63,11.3,15.8,0.4
Latvia,Port activites,Port and water projects,Service activities incidental to water transportation,158,1174,6.43,6.1,121.1,18.85,4.3,75.5,16.56,0.7,0.62,-0.12,1.8,49,26.22,0.3,0.4,0.37,15.2,22.6,0.49
Latvia,Shipbuilding and repair,Shipbuilding,Building of ships and floating structures,842,662,-0.21,27.8,21.6,-0.22,10.1,7.9,-0.22,0.36,0.37,0.01,2.9,0.1,-0.97,0.1,0,-0.96,8.4,11.8,0.4
Latvia,Shipbuilding and repair,Shipbuilding,Building of pleasure and sporting boats,121,282,1.33,3.4,16.8,3.94,1.8,5.1,1.83,0.53,0.3,-0.43,1,0.7,-0.3,0.29,0.04,-0.86,7.4,15.6,1.1
Latvia,Shipbuilding and repair,Shipbuilding,Repair and maintenance of ships and boats,1668,1366,-0.18,42.6,39.7,-0.07,18.5,15,-0.19,0.43,0.38,-0.13,9.5,3.5,-0.63,0.22,0.09,-0.6,5.4,8.4,0.56
Latvia,Shipbuilding and repair,Equipment and machinery,"Manufacture of engines and turbines, except aircraft",1,1,0,0,0,1,NA,NA,NA,NA,NA,NA,0,0,0,-0.5,-0.25,0.5,12.5,10,-0.2
Latvia,Shipbuilding and repair,Equipment and machinery,"Manufacture of instruments for measuring, testing and navigation",26,31,0.19,1.4,1.7,0.26,0.7,0.7,0.09,0.47,0.41,-0.13,0.4,0.3,-0.13,0.28,0.19,-0.33,10.2,12.3,0.2
Latvia,Shipbuilding and repair,Equipment and machinery,Manufacture of other fabricated metal products n.e.c.,399,18,-0.95,12.6,1,-0.92,3.7,0.3,-0.91,0.29,0.33,0.11,1.1,0.1,-0.88,0.09,0.13,0.57,6.6,10.5,0.58
Latvia,Shipbuilding and repair,Equipment and machinery,Manufacture of sport goods,3,9,2,0.1,0.5,3.7,0,0.1,3.33,0.29,0.28,-0.02,0,0.1,6,0.14,0.15,0.05,2.5,7,1.79
Latvia,Shipbuilding and repair,Equipment and machinery,"Manufacture of cordage, rope, twine and netting",2,NA,NA,0.1,NA,NA,0,NA,NA,0.26,NA,NA,0,NA,NA,0.09,NA,NA,5.3,NA,NA
Latvia,Shipbuilding and repair,Equipment and machinery,Manufacture of textiles other than apparel,17,209,11.29,0.3,7.1,21.81,0.1,2.2,20.5,0.34,0.3,-0.11,0,0.6,18,0.09,0.08,-0.08,4.7,7.6,0.62
Latvia,Maritime transport,Passenger transport,Sea and coastal passenger water transport,514,618,0.2,NA,NA,NA,NA,NA,NA,NA,NA,NA,NA,NA,NA,NA,NA,NA,NA,NA,NA
Latvia,Maritime transport,Passenger transport,Inland passenger water transport,10,36,2.6,0.4,0.3,-0.25,0.3,0.1,-0.67,0.75,0.33,-0.56,0.2,NA,NA,0.5,NA,NA,NA,2.8,NA
Latvia,Maritime transport,Freight transport,Sea and coastal freight water transport,455,198,-0.56,42.2,51.4,0.22,18.3,9,-0.51,0.43,0.18,-0.6,6.8,3.6,-0.47,0.16,0.07,-0.57,25.5,27.3,0.07
Latvia,Maritime transport,Freight transport,inland freight water transport,22,215,8.77,0.4,7.8,18.5,0.2,5.6,27,0.5,0.72,0.44,0.1,1.9,18,0.25,0.24,-0.03,9.1,17.2,0.89
Latvia,Maritime transport,Services for transport,Renting and leasing of water transport equipment,25,81,2.24,5.5,6,0.09,2.3,2.7,0.17,0.42,0.45,0.08,1,1.3,0.3,0.18,0.22,0.19,52,16.1,-0.69
Latvia,Maritime transport,Services for transport,Other transportation support activities,267,268,0,44.2,55.6,0.26,6.6,6.9,0.03,0.15,0.12,-0.18,4,3.5,-0.12,0.09,0.06,-0.3,9.9,12.4,0.26
Latvia,Coastal tourism,Accommodation,Accommodation,5129,7191,0.4,95.1,224.2,1.36,42.9,92,1.14,0.45,0.41,-0.09,13.6,32.7,1.4,0.14,0.15,0.02,5.7,8.2,0.44
Latvia,Coastal tourism,Transport,Transport,2316,3834,0.66,188.4,363.8,0.93,40.6,70.6,0.74,0.22,0.19,-0.1,16.5,27.9,0.69,0.09,0.08,-0.12,10.4,11.2,0.07
Latvia,Coastal tourism,Other expenditure,Other expenditure,9053,15378,0.7,243.8,549.5,1.25,49.9,137.6,1.76,0.2,0.25,0.23,6.2,34.3,4.54,0.03,0.06,1.46,4.8,6.7,0.39
Lithuania,Marine living resources,Primary production,Capture fisheries (SSCF),160,145,-0.09,0.9,0.7,-0.21,0.5,0.3,-0.42,0.57,0.43,-0.25,0.4,0,-1.08,0.41,-0.04,-1.09,0.9,2.3,1.49
Lithuania,Marine living resources,Primary production,Capture fisheries (LSF),192,122,-0.36,7.6,5.6,-0.27,2.5,1.8,-0.25,0.32,0.33,0.03,1.3,0.3,-1.22,0.17,-0.05,-1.3,6.1,17.4,1.88
Lithuania,Marine living resources,Primary production,Capture fisheries (DWF),310,196,-0.37,52.8,52.2,-0.01,11.8,3.5,-0.7,0.22,0.07,-0.7,7.1,4.3,-1.6,0.14,-0.08,-1.61,14.9,39.9,1.68
Lithuania,Marine living resources,Primary production,Marine aquaculture,NA,NA,NA,NA,NA,NA,NA,NA,NA,NA,NA,NA,NA,NA,NA,NA,NA,NA,NA,NA,NA
Lithuania,Marine living resources,Primary production,Freshwater aquaculture,63,140,1.22,7.2,13.4,0.86,2,4.1,1,0.28,0.3,0.08,0.1,1.3,15.56,-0.01,0.1,8.44,14.1,11.5,-0.19
Lithuania,Marine living resources,Primary production,Shellfish aquaculture,NA,NA,NA,NA,NA,NA,NA,NA,NA,NA,NA,NA,NA,NA,NA,NA,NA,NA,NA,NA,NA
Lithuania,Marine living resources,Processing of fish products,"Processing and preserving of fish, crustaceans and molluscs",4244,5291,0.25,232.6,554.2,1.38,49.9,116.2,1.33,0.21,0.21,-0.02,19.4,57.7,1.97,0.08,0.1,0.25,7.2,11.1,0.53
Lithuania,Marine living resources,Processing of fish products,Manufacture of oils and fats,NA,NA,NA,NA,NA,NA,NA,NA,NA,NA,NA,NA,NA,NA,NA,NA,NA,NA,NA,NA,NA
Lithuania,Marine living resources,Processing of fish products,Prepared meals and dishes,392,560,0.43,8.9,25.6,1.87,3.5,7.8,1.22,0.39,0.31,-0.23,1.5,3.1,1.04,0.17,0.12,-0.29,5.2,8.5,0.65
Lithuania,Marine living resources,Processing of fish products,Other food products,3,NA,NA,0.1,NA,NA,0,NA,NA,0.17,NA,NA,0,NA,NA,0.08,NA,NA,4.3,NA,NA
Lithuania,Marine living resources,Distribution of fish products,"Wholesale of other food, including fish, crustaceans and molluscs",1135,1035,-0.09,165.9,541.5,2.26,13.9,34.3,1.48,0.08,0.06,-0.24,4.9,20,3.08,0.03,0.04,0.25,7.9,13.8,0.75
Lithuania,Marine living resources,Distribution of fish products,"Retail sale of fish, crustaceans and molluscs In specialised stores",13,59,3.54,0.1,2.9,28,NA,0.6,NA,NA,0.21,NA,NA,0.2,NA,NA,0.07,NA,NA,6.8,NA
Lithuania,Marine non-living resources,Oil and gas,Extraction of crude petroleum,NA,NA,NA,0,0,-0.5,0,0,-0.5,0.55,0.38,-0.31,0,NA,NA,0.35,0.26,-0.25,31.6,23.5,-0.26
Lithuania,Marine non-living resources,Oil and gas,Extraction of natural gas,NA,NA,NA,NA,NA,NA,NA,NA,NA,NA,NA,NA,NA,NA,NA,NA,NA,NA,NA,NA,NA
Lithuania,Marine non-living resources,Oil and gas,Support activities for petroleum and natural gas extraction,NA,NA,NA,NA,NA,NA,NA,NA,NA,NA,NA,NA,NA,NA,NA,NA,NA,NA,NA,NA,NA
Lithuania,Marine non-living resources,Other minerals,Operation of gravel and sand pits; mining of clays and kaolin,NA,NA,NA,NA,NA,NA,NA,NA,NA,NA,NA,NA,NA,NA,NA,NA,NA,NA,NA,NA,NA
Lithuania,Marine non-living resources,Other minerals,Extraction of salt,NA,NA,NA,NA,NA,NA,NA,NA,NA,NA,NA,NA,NA,NA,NA,NA,NA,NA,NA,NA,NA
Lithuania,Marine non-living resources,Other minerals,Support activities for other mining and quarrying,NA,NA,NA,NA,NA,NA,NA,NA,NA,NA,NA,NA,NA,NA,NA,NA,NA,NA,NA,NA,NA
Lithuania,Marine renewable energy,Offshore wind energy,Production of electricity,NA,NA,NA,NA,NA,NA,NA,NA,NA,NA,NA,NA,NA,NA,NA,NA,NA,NA,NA,NA,NA
Lithuania,Marine renewable energy,Offshore wind energy,Transmission of electricity,NA,NA,NA,NA,NA,NA,NA,NA,NA,NA,NA,NA,NA,NA,NA,NA,NA,NA,NA,NA,NA
Lithuania,Port activites,Cargo and warehousing,Cargo handling,1015,1026,0.01,59.6,121.6,1.04,32.5,56.3,0.73,0.55,0.46,-0.15,17.6,34,0.93,0.3,0.28,-0.05,14.7,21.8,0.48
Lithuania,Port activites,Cargo and warehousing,Warehousing and storage,1068,1797,0.68,46.9,115,1.45,20,33.7,0.69,0.43,0.29,-0.31,9.9,9.2,-0.07,0.21,0.08,-0.62,9.5,13.6,0.44
Lithuania,Port activites,Port and water projects,Construction of water projects,1116,638,-0.43,45.5,43.1,-0.05,15.7,12.1,-0.23,0.35,0.28,-0.19,3.6,3.7,0.03,0.08,0.09,0.09,10.8,13.2,0.21
Lithuania,Port activites,Port and water projects,Service activities incidental to water transportation,654,535,-0.18,55.7,84.4,0.52,44.5,63.6,0.43,0.8,0.75,-0.06,33.6,51.5,0.53,0.6,0.61,0.01,16.7,22.6,0.36
Lithuania,Shipbuilding and repair,Shipbuilding,Building of ships and floating structures,1708,1300,-0.24,54.7,68.6,0.25,33.4,26.5,-0.21,0.61,0.39,-0.37,6.2,6.3,0.02,0.11,0.09,-0.19,15.9,15.5,-0.02
Lithuania,Shipbuilding and repair,Shipbuilding,Building of pleasure and sporting boats,166,312,0.88,5.8,22,2.79,1.1,8.8,7,0.19,0.4,1.11,0.5,3.6,8.2,-0.09,0.16,2.9,9.6,17,0.76
Lithuania,Shipbuilding and repair,Shipbuilding,Repair and maintenance of ships and boats,3464,2741,-0.21,195.6,137.4,-0.3,35.5,60,0.69,0.18,0.44,1.41,1.9,16.7,9.79,-0.01,0.12,13.51,10.8,15.8,0.46
Lithuania,Shipbuilding and repair,Equipment and machinery,"Manufacture of engines and turbines, except aircraft",27,NA,NA,0.5,NA,NA,0.3,NA,NA,0.62,NA,NA,0.1,NA,NA,0.12,NA,NA,8.3,NA,NA
Lithuania,Shipbuilding and repair,Equipment and machinery,"Manufacture of instruments for measuring, testing and navigation",24,68,1.83,1.1,6.3,4.54,0.5,2.7,4,0.46,0.42,-0.1,0.3,1.3,3.88,0.23,0.2,-0.12,11.2,20.3,0.81
Lithuania,Shipbuilding and repair,Equipment and machinery,Manufacture of other fabricated metal products n.e.c.,1,NA,NA,0,NA,NA,0,NA,NA,0.34,NA,NA,NA,NA,NA,0.11,NA,NA,6.6,NA,NA
Lithuania,Shipbuilding and repair,Equipment and machinery,Manufacture of sport goods,14,15,0.07,0.5,0.8,0.43,0.1,0.2,0.55,0.2,0.22,0.09,0,0.1,0.5,0.08,0.08,0.04,4.7,7,0.48
Lithuania,Shipbuilding and repair,Equipment and machinery,"Manufacture of cordage, rope, twine and netting",423,387,-0.09,17.9,20.2,0.13,5.3,8,0.52,0.29,0.39,0.34,2.1,3,0.42,0.12,0.15,0.26,7.5,12.9,0.72
Lithuania,Shipbuilding and repair,Equipment and machinery,Manufacture of textiles other than apparel,152,105,-0.31,4.1,4.9,0.21,1.2,1.4,0.15,0.3,0.29,-0.04,0.4,0.4,0.11,0.09,0.08,-0.08,5.7,9.7,0.7
Lithuania,Maritime transport,Passenger transport,Sea and coastal passenger water transport,NA,NA,NA,NA,NA,NA,NA,NA,NA,NA,NA,NA,NA,NA,NA,NA,NA,NA,NA,NA,NA
Lithuania,Maritime transport,Passenger transport,Inland passenger water transport,143,130,-0.09,4.4,5,0.14,3.4,3.3,-0.03,0.77,0.66,-0.15,1.8,1.8,0,0.41,0.36,-0.12,10.5,11.5,0.1
Lithuania,Maritime transport,Freight transport,Sea and coastal freight water transport,1602,1018,-0.36,147.2,137.6,-0.07,52.7,55.4,0.05,0.36,0.4,0.12,25.1,30.4,0.21,0.17,0.22,0.3,17.2,24.6,0.43
Lithuania,Maritime transport,Freight transport,inland freight water transport,NA,NA,NA,NA,NA,NA,NA,NA,NA,NA,NA,NA,NA,NA,NA,NA,NA,NA,NA,NA,NA
Lithuania,Maritime transport,Services for transport,Renting and leasing of water transport equipment,32,117,2.66,2.2,83,36.73,0.5,4.7,8.4,0.23,0.06,-0.75,0.4,2.7,5.75,0.18,0.03,-0.82,3.1,16.2,4.19
Lithuania,Maritime transport,Services for transport,Other transportation support activities,334,313,-0.06,53.5,74.3,0.39,5.1,7.4,0.47,0.09,0.1,0.06,1.7,3.3,0.89,0.03,0.04,0.36,10,13.3,0.33
Lithuania,Coastal tourism,Accommodation,Accommodation,2246,2701,0.2,41.4,77.6,0.87,17.5,41,1.34,0.42,0.53,0.25,4.6,19.5,3.21,0.11,0.25,1.25,5.7,7.9,0.39
Lithuania,Coastal tourism,Transport,Transport,1409,837,-0.41,100.9,82.7,-0.18,12.1,14,0.16,0.12,0.17,0.41,2.1,6.6,2.22,0.02,0.08,2.94,7.1,8.8,0.24
Lithuania,Coastal tourism,Other expenditure,Other expenditure,2509,2373,-0.05,66.6,90.3,0.36,11.4,22.5,0.98,0.17,0.25,0.46,0.5,5.6,13.36,-0.01,0.06,10.11,4.7,7.1,0.51
Poland,Marine living resources,Primary production,Capture fisheries (SSCF),1313,1442,0.1,10.8,10.4,-0.04,7.6,6.1,-0.19,0.7,0.59,-0.15,5.1,2.5,-1.49,0.47,-0.24,-1.51,1.9,6,2.16
Poland,Marine living resources,Primary production,Capture fisheries (LSF),1116,886,-0.21,30.9,38.3,0.24,16.2,18.5,0.14,0.52,0.48,-0.08,8.5,8.5,0,0.27,0.22,-0.19,6.9,11.3,0.64
Poland,Marine living resources,Primary production,Capture fisheries (DWF),270,140,-0.48,NA,NA,NA,NA,NA,NA,NA,NA,NA,NA,NA,NA,NA,NA,NA,NA,NA,NA
Poland,Marine living resources,Primary production,Marine aquaculture,NA,NA,NA,NA,NA,NA,NA,NA,NA,NA,NA,NA,NA,NA,NA,NA,NA,NA,NA,NA,NA
Poland,Marine living resources,Primary production,Freshwater aquaculture,58,7764,132.86,76.7,89.4,0.17,74.7,86.8,0.16,0.98,0.97,0,74,85.9,0.16,0.97,0.96,0,9.2,0.1,-0.99
Poland,Marine living resources,Primary production,Shellfish aquaculture,NA,NA,NA,NA,NA,NA,NA,NA,NA,NA,NA,NA,NA,NA,NA,NA,NA,NA,NA,NA,NA
Poland,Marine living resources,Processing of fish products,"Processing and preserving of fish, crustaceans and molluscs",17205,18498,0.08,1421.9,3120.9,1.19,283.9,455.6,0.6,0.2,0.15,-0.27,152.3,220.6,0.45,0.11,0.07,-0.34,7.7,12.7,0.66
Poland,Marine living resources,Processing of fish products,Manufacture of oils and fats,11,6,-0.45,4.9,2.8,-0.42,0.6,0.4,-0.39,0.12,0.12,0.04,0.4,0.2,-0.45,0.09,0.08,-0.08,12.3,16.6,0.35
Poland,Marine living resources,Processing of fish products,Prepared meals and dishes,1472,1314,-0.11,100.5,68.4,-0.32,18.5,19.2,0.04,0.18,0.28,0.53,8.7,8.8,0.01,0.09,0.13,0.48,6.7,7.9,0.19
Poland,Marine living resources,Processing of fish products,Other food products,66,NA,NA,6,0,-1,2,NA,NA,0.33,0.25,-0.23,1.2,NA,NA,0.2,0.13,-0.34,11.5,15.2,0.32
Poland,Marine living resources,Distribution of fish products,"Wholesale of other food, including fish, crustaceans and molluscs",4867,5693,0.17,1174.9,1715.5,0.46,129.6,180.6,0.39,0.11,0.11,-0.05,79.2,99.2,0.25,0.07,0.06,-0.14,10.4,14.3,0.38
Poland,Marine living resources,Distribution of fish products,"Retail sale of fish, crustaceans and molluscs In specialised stores",1990,1824,-0.08,209.5,113,-0.46,22.9,16.5,-0.28,0.11,0.15,0.34,18.6,10.4,-0.44,0.09,0.09,0.04,2.2,3.3,0.52
Poland,Marine non-living resources,Oil and gas,Extraction of crude petroleum,62,35,-0.44,15.7,8.9,-0.43,4.3,2.5,-0.43,0.27,0.27,0,2.2,1.3,-0.43,0.14,0.14,0,33.6,33.6,0
Poland,Marine non-living resources,Oil and gas,Extraction of natural gas,NA,1,NA,0,0.2,16,NA,0,NA,0.21,-0.04,-1.21,NA,0.1,NA,0.16,-0.68,-5.29,2.9,137.2,46.96
Poland,Marine non-living resources,Oil and gas,Support activities for petroleum and natural gas extraction,362,155,-0.57,28,11.4,-0.59,14.2,5.6,-0.61,0.51,0.49,-0.03,6.9,1.9,-0.72,0.25,0.17,-0.31,20.3,23.7,0.17
Poland,Marine non-living resources,Other minerals,Operation of gravel and sand pits; mining of clays and kaolin,NA,17,NA,NA,1.3,NA,NA,0.5,NA,NA,0.37,NA,NA,0.3,NA,NA,0.23,NA,NA,11.6,NA
Poland,Marine non-living resources,Other minerals,Extraction of salt,NA,NA,NA,NA,NA,NA,NA,NA,NA,NA,NA,NA,NA,NA,NA,NA,NA,NA,NA,NA,NA
Poland,Marine non-living resources,Other minerals,Support activities for other mining and quarrying,NA,2,NA,NA,0.1,NA,NA,0.1,NA,NA,2.8,NA,NA,0.1,NA,NA,2.17,NA,NA,15.6,NA
Poland,Marine renewable energy,Offshore wind energy,Production of electricity,NA,NA,NA,NA,NA,NA,NA,NA,NA,NA,NA,NA,NA,NA,NA,NA,NA,NA,NA,NA,NA
Poland,Marine renewable energy,Offshore wind energy,Transmission of electricity,NA,NA,NA,NA,NA,NA,NA,NA,NA,NA,NA,NA,NA,NA,NA,NA,NA,NA,NA,NA,NA
Poland,Port activites,Cargo and warehousing,Cargo handling,7804,5677,-0.27,418.3,419.1,0,161.2,190.5,0.18,0.39,0.45,0.18,78.1,106.3,0.36,0.19,0.25,0.36,10.7,14.9,0.39
Poland,Port activites,Cargo and warehousing,Warehousing and storage,8258,17702,1.14,385.1,1974.1,4.13,116.7,389.2,2.33,0.3,0.2,-0.35,47.1,151.4,2.22,0.12,0.08,-0.37,8.4,13.4,0.59
Poland,Port activites,Port and water projects,Construction of water projects,9511,6106,-0.36,893.5,391,-0.56,206,102.2,-0.5,0.23,0.26,0.13,99.3,33,-0.67,0.11,0.08,-0.24,11.2,11.3,0.01
Poland,Port activites,Port and water projects,Service activities incidental to water transportation,2418,1805,-0.25,209.2,211.4,0.01,79.3,71.8,-0.09,0.38,0.34,-0.1,41,43.8,0.07,0.2,0.21,0.06,15.9,15.5,-0.02
Poland,Shipbuilding and repair,Shipbuilding,Building of ships and floating structures,14268,4925,-0.65,1225.4,631.4,-0.48,438,121.7,-0.72,0.36,0.19,-0.46,227.7,36.6,-0.84,0.19,0.06,-0.69,14.7,17.3,0.17
Poland,Shipbuilding and repair,Shipbuilding,Building of pleasure and sporting boats,3957,6567,0.66,163.7,451.2,1.76,56.6,132.6,1.34,0.35,0.29,-0.15,26.4,48.9,0.85,0.16,0.11,-0.33,7.6,12.8,0.67
Poland,Shipbuilding and repair,Shipbuilding,Repair and maintenance of ships and boats,9717,10483,0.08,396.1,794.7,1.01,179.2,313.4,0.75,0.45,0.39,-0.13,86.6,157.1,0.81,0.22,0.2,-0.1,9.5,14.9,0.56
Poland,Shipbuilding and repair,Equipment and machinery,"Manufacture of engines and turbines, except aircraft",885,NA,NA,120.5,NA,NA,32.5,NA,NA,0.27,NA,NA,20.2,NA,NA,0.17,NA,NA,13.8,NA,NA
Poland,Shipbuilding and repair,Equipment and machinery,"Manufacture of instruments for measuring, testing and navigation",37,98,1.65,1.7,8.7,4.21,0.7,2.6,2.72,0.43,0.3,-0.29,0.3,1,2.06,0.2,0.12,-0.41,10.1,16.3,0.62
Poland,Shipbuilding and repair,Equipment and machinery,Manufacture of other fabricated metal products n.e.c.,101,1,-0.99,4.5,0,-0.99,1.5,0,-0.99,0.34,0.31,-0.07,0.8,0,-0.99,0.17,0.15,-0.13,7.2,12.4,0.73
Poland,Shipbuilding and repair,Equipment and machinery,Manufacture of sport goods,321,192,-0.4,9.3,9.5,0.02,3.8,2.6,-0.32,0.41,0.27,-0.33,2,1.1,-0.46,0.22,0.12,-0.47,5.5,7.8,0.43
Poland,Shipbuilding and repair,Equipment and machinery,"Manufacture of cordage, rope, twine and netting",45,NA,NA,2.1,NA,NA,0.7,NA,NA,0.34,NA,NA,0.4,NA,NA,0.19,NA,NA,7.2,NA,NA
Poland,Shipbuilding and repair,Equipment and machinery,Manufacture of textiles other than apparel,43,1521,34.37,1.5,80.8,53.57,0.5,19.8,42.98,0.31,0.25,-0.2,0.2,6.8,29.68,0.15,0.08,-0.42,5.5,8.6,0.55
Poland,Maritime transport,Passenger transport,Sea and coastal passenger water transport,374,538,0.44,42.2,86.3,1.05,14.4,12.7,-0.12,0.34,0.15,-0.57,11.3,5.4,-0.52,0.27,0.06,-0.77,8.3,13.6,0.63
Poland,Maritime transport,Passenger transport,Inland passenger water transport,699,479,-0.31,84.6,13,-0.85,27,6.9,-0.74,0.32,0.53,0.66,22,3.5,-0.84,0.26,0.27,0.04,7.2,7.1,-0.01
Poland,Maritime transport,Freight transport,Sea and coastal freight water transport,1858,1427,-0.23,288.6,322.9,0.12,87.8,119.7,0.36,0.3,0.37,0.22,49.2,85.3,0.74,0.17,0.26,0.55,20.8,24.1,0.16
Poland,Maritime transport,Freight transport,inland freight water transport,723,734,0.02,105.7,77.6,-0.27,32.3,15.3,-0.53,0.31,0.2,-0.35,26.1,7.5,-0.71,0.25,0.1,-0.61,8.6,10.6,0.24
Poland,Maritime transport,Services for transport,Renting and leasing of water transport equipment,125,283,1.26,20.4,9.1,-0.55,10.4,1.9,-0.82,0.51,0.21,-0.59,9.4,0.3,-0.97,0.46,0.03,-0.93,8,6,-0.25
Poland,Maritime transport,Services for transport,Other transportation support activities,685,437,-0.36,71.5,79.6,0.11,14.4,11,-0.23,0.2,0.14,-0.31,7.4,5,-0.32,0.1,0.06,-0.39,10.2,13.7,0.34
Poland,Coastal tourism,Accommodation,Accommodation,11741,23314,0.99,297.9,999.1,2.35,130.5,437.6,2.35,0.44,0.44,0,64.6,237.3,2.67,0.22,0.24,0.1,5.6,8.6,0.53
Poland,Coastal tourism,Transport,Transport,6619,12879,0.95,362.1,1090.8,2.01,85.1,250.2,1.94,0.24,0.23,-0.02,33.6,123,2.66,0.09,0.11,0.21,7.8,9.9,0.27
Poland,Coastal tourism,Other expenditure,Other expenditure,9623,22658,1.35,424.7,1394,2.28,81,276.2,2.41,0.19,0.2,0.04,40.9,126.7,2.1,0.1,0.09,-0.06,4.2,6.6,0.59
Sweden,Marine living resources,Primary production,Capture fisheries (SSCF),995,809,-0.19,16.3,13.3,-0.18,8.7,6.6,-0.24,0.54,0.5,-0.07,0.2,2.2,-12.63,0.01,-0.17,-15.41,8.6,10.9,0.27
Sweden,Marine living resources,Primary production,Capture fisheries (LSF),868,602,-0.31,103,105.3,0.02,60.7,47.6,-0.22,0.59,0.45,-0.23,46.9,29.3,-0.38,0.46,0.28,-0.39,15.8,30.3,0.92
Sweden,Marine living resources,Primary production,Capture fisheries (DWF),NA,NA,NA,NA,NA,NA,NA,NA,NA,NA,NA,NA,NA,NA,NA,NA,NA,NA,NA,NA,NA
Sweden,Marine living resources,Primary production,Marine aquaculture,NA,NA,NA,NA,NA,NA,NA,NA,NA,NA,NA,NA,NA,NA,NA,NA,NA,NA,NA,NA,NA
Sweden,Marine living resources,Primary production,Freshwater aquaculture,339,369,0.09,29.8,57.1,0.91,8.2,28.3,2.47,0.27,0.5,0.81,2.1,17.4,7.49,0.07,0.3,3.44,14.3,22.9,0.6
Sweden,Marine living resources,Primary production,Shellfish aquaculture,85,68,-0.2,1.2,2,0.66,0.6,1.9,2.38,0.47,0.95,NA,0.6,1,2.7,-0.48,0.49,2.03,6.8,8.1,0.2
Sweden,Marine living resources,Processing of fish products,"Processing and preserving of fish, crustaceans and molluscs",2042,2007,-0.02,467.3,590.3,0.26,99,90.2,-0.09,0.21,0.15,-0.28,32.6,16.7,-0.49,0.07,0.03,-0.59,32.5,37.4,0.15
Sweden,Marine living resources,Processing of fish products,Manufacture of oils and fats,NA,NA,NA,NA,NA,NA,NA,NA,NA,NA,NA,NA,NA,NA,NA,NA,NA,NA,NA,NA,NA
Sweden,Marine living resources,Processing of fish products,Prepared meals and dishes,97,329,2.39,15.4,77.8,4.04,4.5,23.4,4.15,0.29,0.3,0.02,1.5,8.4,4.49,0.1,0.11,0.09,31.1,48.3,0.55
Sweden,Marine living resources,Processing of fish products,Other food products,1,NA,NA,0.1,NA,NA,0,NA,NA,0.21,NA,NA,NA,NA,NA,0.04,NA,NA,32.1,NA,NA
Sweden,Marine living resources,Distribution of fish products,"Wholesale of other food, including fish, crustaceans and molluscs",2260,2541,0.12,884.5,1276.4,0.44,108.2,168,0.55,0.12,0.13,0.08,39.5,61.7,0.56,0.04,0.05,0.08,30.4,42.2,0.39
Sweden,Marine living resources,Distribution of fish products,"Retail sale of fish, crustaceans and molluscs In specialised stores",1242,1468,0.18,139,190,0.37,32.3,51.7,0.6,0.23,0.27,0.17,10,12.9,0.29,0.07,0.07,-0.06,18,26.5,0.48
Sweden,Marine non-living resources,Oil and gas,Extraction of crude petroleum,NA,NA,NA,NA,NA,NA,NA,NA,NA,NA,NA,NA,NA,NA,NA,NA,NA,NA,NA,NA,NA
Sweden,Marine non-living resources,Oil and gas,Extraction of natural gas,NA,NA,NA,NA,NA,NA,NA,NA,NA,NA,NA,NA,NA,NA,NA,NA,NA,NA,NA,NA,NA
Sweden,Marine non-living resources,Oil and gas,Support activities for petroleum and natural gas extraction,NA,NA,NA,NA,NA,NA,NA,NA,NA,NA,NA,NA,NA,NA,NA,NA,NA,NA,NA,NA,NA
Sweden,Marine non-living resources,Other minerals,Operation of gravel and sand pits; mining of clays and kaolin,NA,NA,NA,NA,NA,NA,NA,NA,NA,NA,NA,NA,NA,NA,NA,NA,NA,NA,NA,NA,NA
Sweden,Marine non-living resources,Other minerals,Extraction of salt,NA,NA,NA,NA,NA,NA,NA,NA,NA,NA,NA,NA,NA,NA,NA,NA,NA,NA,NA,NA,NA
Sweden,Marine non-living resources,Other minerals,Support activities for other mining and quarrying,NA,NA,NA,NA,NA,NA,NA,NA,NA,NA,NA,NA,NA,NA,NA,NA,NA,NA,NA,NA,NA
Sweden,Marine renewable energy,Offshore wind energy,Production of electricity,NA,NA,NA,NA,NA,NA,NA,NA,NA,NA,NA,NA,NA,NA,NA,NA,NA,NA,NA,NA,NA
Sweden,Marine renewable energy,Offshore wind energy,Transmission of electricity,NA,NA,NA,NA,NA,NA,NA,NA,NA,NA,NA,NA,NA,NA,NA,NA,NA,NA,NA,NA,NA
Sweden,Port activites,Cargo and warehousing,Cargo handling,834,829,-0.01,81.5,122.2,0.5,49.1,62.5,0.27,0.6,0.51,-0.15,13.4,22.6,0.68,0.17,0.19,0.12,42.7,52.5,0.23
Sweden,Port activites,Cargo and warehousing,Warehousing and storage,218,318,0.46,33.3,52,0.56,12.2,21.9,0.8,0.37,0.42,0.15,4.8,8.8,0.84,0.14,0.17,0.18,33.9,42.1,0.24
Sweden,Port activites,Port and water projects,Construction of water projects,521,452,-0.13,82.2,83.9,0.02,24,25,0.04,0.29,0.3,0.02,5.9,5.2,-0.12,0.07,0.06,-0.14,34.7,46.9,0.35
Sweden,Port activites,Port and water projects,Service activities incidental to water transportation,2440,2263,-0.07,313.8,398.7,0.27,155.6,222.8,0.43,0.5,0.56,0.13,31.7,59.1,0.86,0.1,0.15,0.47,50.8,77.5,0.53
Sweden,Shipbuilding and repair,Shipbuilding,Building of ships and floating structures,1646,1563,-0.05,220.7,369.2,0.67,56,119.1,1.13,0.25,0.32,0.27,29.2,23.1,1.79,-0.13,0.06,1.47,51.8,62.9,0.22
Sweden,Shipbuilding and repair,Shipbuilding,Building of pleasure and sporting boats,2135,1302,-0.39,261.9,216.1,-0.17,69.5,58.9,-0.15,0.27,0.27,0.03,1.2,10.5,7.75,0,0.05,9.6,32,39.5,0.23
Sweden,Shipbuilding and repair,Shipbuilding,Repair and maintenance of ships and boats,1871,2107,0.13,288.7,339.6,0.18,82.7,112.2,0.36,0.29,0.33,0.15,21.6,39.2,0.81,0.07,0.12,0.54,32.7,38.9,0.19
Sweden,Shipbuilding and repair,Equipment and machinery,"Manufacture of engines and turbines, except aircraft",724,647,-0.11,207.9,271,0.3,47.3,78,0.65,0.23,0.29,0.26,11.2,36.5,2.25,0.05,0.13,1.49,49.9,77.5,0.56
Sweden,Shipbuilding and repair,Equipment and machinery,"Manufacture of instruments for measuring, testing and navigation",103,119,0.16,19.1,29.2,0.53,7.3,12.7,0.73,0.38,0.43,0.13,1.8,4.8,1.68,0.09,0.17,0.75,53.5,66.3,0.24
Sweden,Shipbuilding and repair,Equipment and machinery,Manufacture of other fabricated metal products n.e.c.,483,682,0.41,63.5,118.7,0.87,20.7,41.5,1,0.33,0.35,0.07,3.4,9.3,1.69,0.05,0.08,0.44,35.9,48.2,0.34
Sweden,Shipbuilding and repair,Equipment and machinery,Manufacture of sport goods,45,27,-0.4,7.1,5,-0.29,2.2,1.4,-0.39,0.32,0.27,-0.14,0.6,0.4,-0.35,0.09,0.08,-0.08,35.1,38.8,0.1
Sweden,Shipbuilding and repair,Equipment and machinery,"Manufacture of cordage, rope, twine and netting",NA,28,NA,0.1,5.1,101.6,0,1.6,79,0.4,0.31,-0.22,0,0.4,36,0.12,0.07,-0.41,51.3,44.5,-0.13
Sweden,Shipbuilding and repair,Equipment and machinery,Manufacture of textiles other than apparel,32,750,22.44,3,108.7,34.76,1.1,37.4,33.97,0.35,0.34,-0.02,0.2,10,58,0.05,0.09,0.68,28,38,0.36
Sweden,Maritime transport,Passenger transport,Sea and coastal passenger water transport,9671,8479,-0.12,1186.3,1805.1,0.52,315.6,382.1,0.21,0.27,0.21,-0.2,36.9,157.1,3.26,0.03,0.09,1.8,28.8,45.7,0.59
Sweden,Maritime transport,Passenger transport,Inland passenger water transport,983,1584,0.61,79.5,186.7,1.35,16.4,80.8,3.93,0.21,0.43,1.1,9.8,33.5,4.42,-0.12,0.18,2.46,26.7,34.3,0.29
Sweden,Maritime transport,Freight transport,Sea and coastal freight water transport,6719,3451,-0.49,2331.9,1599.3,-0.31,216,291.4,0.35,0.09,0.18,0.97,101.5,109,2.07,-0.04,0.07,2.57,47.3,66.6,0.41
Sweden,Maritime transport,Freight transport,inland freight water transport,161,112,-0.3,12,16.4,0.37,4,6.6,0.65,0.33,0.4,0.21,0.4,2.9,6.25,0.03,0.18,4.3,22.4,35.7,0.6
Sweden,Maritime transport,Services for transport,Renting and leasing of water transport equipment,60,117,0.95,81.1,58.1,-0.28,70.2,47.2,-0.33,0.87,0.81,-0.06,68.6,43.2,-0.37,0.85,0.74,-0.12,26.7,32.5,0.22
Sweden,Maritime transport,Services for transport,Other transportation support activities,4014,3417,-0.15,1445.3,1615.1,0.12,203.1,211.5,0.04,0.14,0.13,-0.07,35.4,41.3,0.17,0.02,0.03,0.04,41.8,50.6,0.21
Sweden,Coastal tourism,Accommodation,Accommodation,32739,31626,-0.03,2450.2,2894,0.18,1014.6,1255.4,0.24,0.41,0.43,0.05,214,289.2,0.35,0.09,0.1,0.14,24.5,31.4,0.28
Sweden,Coastal tourism,Transport,Transport,16384,15525,-0.05,2473.5,2860.8,0.16,611,829.4,0.36,0.25,0.29,0.17,118.1,258.5,1.19,0.05,0.09,0.89,30.1,38.7,0.29
Sweden,Coastal tourism,Other expenditure,Other expenditure,33129,34040,0.03,3274.4,3887.7,0.19,917.1,1194.8,0.3,0.28,0.31,0.1,200.1,274.9,0.37,0.06,0.07,0.16,21.6,28.5,0.32
