OBJECTID_1,MPA_ID,name_shape,Country,Site_link,status_shape,date_est,Year_est,country,rgn_key,Subbasin,HELCOM_ID,BHI_ID,Area_km2
1,288,"Røsnæs, Røsnæs Rev og Kalundborg Fjord",Denmark,http://mpas.helcom.fi/apex/f?p=103:12:::NO::P12_ID:288,Designated and managed,16.12.2009,2009,Denmark,DNK,Great Belt,SEA-002,3,10369.11323
2,185,Kirkegrund,Denmark,http://mpas.helcom.fi/apex/f?p=103:12:::NO::P12_ID:185,Designated and managed,22.08.2005,2005,Denmark,DNK,Great Belt,SEA-002,3,10369.11323
3,257,Kims Top og den Kinesiske Mur,Denmark,http://mpas.helcom.fi/apex/f?p=103:12:::NO::P12_ID:257,Designated and managed,10.09.2009,2009,Denmark,DNK,Kattegat,SEA-001,2,15300.69996
4,258,Klinteskov Kalkgrund,Denmark,http://mpas.helcom.fi/apex/f?p=103:12:::NO::P12_ID:258,Designated and managed,10.09.2009,2009,Denmark,DNK,Arkona Basin,SEA-006,12,6272.53375
5,289,Roskilde Fjord og Jægerspris Nordskov,Denmark,http://mpas.helcom.fi/apex/f?p=103:12:::NO::P12_ID:289,Designated and managed,16.12.2009,2009,Denmark,DNK,Kattegat,SEA-001,2,15300.69996
6,245,Bakkebrædt og Bakkeground,Denmark,http://mpas.helcom.fi/apex/f?p=103:12:::NO::P12_ID:245,Designated and managed,10.09.2009,2009,Denmark,DNK,Arkona Basin,SEA-006,12,6272.53375
7,254,Maden på Helnæs og havet vest for,Denmark,http://mpas.helcom.fi/apex/f?p=103:12:::NO::P12_ID:254,Designated and managed,10.09.2009,2009,Denmark,DNK,Great Belt,SEA-002,3,10369.11323
8,259,Lillebælt,Denmark,http://mpas.helcom.fi/apex/f?p=103:12:::NO::P12_ID:259,Designated and managed,10.09.2009,2009,Denmark,DNK,Great Belt,SEA-002,3,10369.11323
9,279,Gilleleje Flak og Tragten,Denmark,http://mpas.helcom.fi/apex/f?p=103:12:::NO::P12_ID:279,Designated,16.12.2009,2009,Denmark,DNK,Kattegat,SEA-001,2,15300.69996
9,279,Gilleleje Flak og Tragten,Denmark,http://mpas.helcom.fi/apex/f?p=103:12:::NO::P12_ID:279,Designated,16.12.2009,2009,Denmark,DNK,The Sound,SEA-003,6,588.38712
9,279,Gilleleje Flak og Tragten,Denmark,http://mpas.helcom.fi/apex/f?p=103:12:::NO::P12_ID:279,Designated,16.12.2009,2009,Sweden,SWE,The Sound,SEA-003,5,612.66514
10,262,Munkegrunde,Denmark,http://mpas.helcom.fi/apex/f?p=103:12:::NO::P12_ID:262,Designated and managed,10.09.2009,2009,Denmark,DNK,Great Belt,SEA-002,3,10369.11323
11,256,Hvideodde Rev,Denmark,http://mpas.helcom.fi/apex/f?p=103:12:::NO::P12_ID:256,Designated and managed,17.09.2009,2009,Denmark,DNK,Arkona Basin,SEA-006,12,6272.53375
11,256,Hvideodde Rev,Denmark,http://mpas.helcom.fi/apex/f?p=103:12:::NO::P12_ID:256,Designated and managed,17.09.2009,2009,Denmark,DNK,Bornholm Basin,SEA-007,15,7152.79836
12,292,Udby Vig,Denmark,http://mpas.helcom.fi/apex/f?p=103:12:::NO::P12_ID:292,Designated and managed,16.12.2009,2009,Denmark,DNK,Kattegat,SEA-001,2,15300.69996
13,271,Sydfynske Øhav,Denmark,http://mpas.helcom.fi/apex/f?p=103:12:::NO::P12_ID:271,Designated and managed,10.09.2009,2009,Denmark,DNK,Great Belt,SEA-002,3,10369.11323
13,271,Sydfynske Øhav,Denmark,http://mpas.helcom.fi/apex/f?p=103:12:::NO::P12_ID:271,Designated and managed,10.09.2009,2009,Denmark,DNK,Kiel Bay,SEA-004,7,1208.87616
14,241,Æbelø og havet syd for og Nærå,Denmark,http://mpas.helcom.fi/apex/f?p=103:12:::NO::P12_ID:241,Designated and managed,01.09.2009,2009,Denmark,DNK,Great Belt,SEA-002,3,10369.11323
15,246,Begstrup Vig og kystområder ved Helgenæs,Denmark,http://mpas.helcom.fi/apex/f?p=103:12:::NO::P12_ID:246,Designated and managed,22.09.2009,2009,Denmark,DNK,Great Belt,SEA-002,3,10369.11323
16,131,Hesselø med omliggende stenrev,Denmark,http://mpas.helcom.fi/apex/f?p=103:12:::NO::P12_ID:131,Designated and managed,14.07.2005,2005,Denmark,DNK,Kattegat,SEA-001,2,15300.69996
17,252,Hatter Barn,Denmark,http://mpas.helcom.fi/apex/f?p=103:12:::NO::P12_ID:252,Designated and managed,10.09.2009,2009,Denmark,DNK,Great Belt,SEA-002,3,10369.11323
18,263,Nakskov Fjord og Inderfjord,Denmark,http://mpas.helcom.fi/apex/f?p=103:12:::NO::P12_ID:263,Designated and managed,10.09.2009,2009,Denmark,DNK,Great Belt,SEA-002,3,10369.11323
19,278,Femern Bælt,Denmark,http://mpas.helcom.fi/apex/f?p=103:12:::NO::P12_ID:278,Designated,16.12.2009,2009,Denmark,DNK,Great Belt,SEA-002,3,10369.11323
19,278,Femern Bælt,Denmark,http://mpas.helcom.fi/apex/f?p=103:12:::NO::P12_ID:278,Designated,16.12.2009,2009,Denmark,DNK,Kiel Bay,SEA-004,7,1208.87616
19,278,Femern Bælt,Denmark,http://mpas.helcom.fi/apex/f?p=103:12:::NO::P12_ID:278,Designated,16.12.2009,2009,Germany,DEU,Kiel Bay,SEA-004,8,2079.47971
20,270,Stevns Rev,Denmark,http://mpas.helcom.fi/apex/f?p=103:12:::NO::P12_ID:270,Designated and managed,10.09.2009,2009,Denmark,DNK,Arkona Basin,SEA-006,12,6272.53375
21,248,Broen,Denmark,http://mpas.helcom.fi/apex/f?p=103:12:::NO::P12_ID:248,Designated and managed,10.09.2009,2009,Denmark,DNK,Great Belt,SEA-002,3,10369.11323
22,269,Stenrev sydøst for Langeland,Denmark,http://mpas.helcom.fi/apex/f?p=103:12:::NO::P12_ID:269,Designated and managed,10.09.2009,2009,Denmark,DNK,Great Belt,SEA-002,3,10369.11323
22,269,Stenrev sydøst for Langeland,Denmark,http://mpas.helcom.fi/apex/f?p=103:12:::NO::P12_ID:269,Designated and managed,10.09.2009,2009,Denmark,DNK,Kiel Bay,SEA-004,7,1208.87616
23,137,Herthas Flak,Denmark,http://mpas.helcom.fi/apex/f?p=103:12:::NO::P12_ID:137,Designated and managed,14.07.2005,2005,Denmark,DNK,Kattegat,SEA-001,2,15300.69996
24,260,Lysegrund,Denmark,http://mpas.helcom.fi/apex/f?p=103:12:::NO::P12_ID:260,Designated and managed,10.09.2009,2009,Denmark,DNK,Kattegat,SEA-001,2,15300.69996
25,276,Bøjden Nor,Denmark,http://mpas.helcom.fi/apex/f?p=103:12:::NO::P12_ID:276,Designated and managed,16.12.2009,2009,Denmark,DNK,Great Belt,SEA-002,3,10369.11323
26,264,Havet og kysten mellem Præstø Fjord og Grønsund,Denmark,http://mpas.helcom.fi/apex/f?p=103:12:::NO::P12_ID:264,Designated and managed,06.04.2009,2009,Denmark,DNK,Arkona Basin,SEA-006,12,6272.53375
27,126,Bornholm: Davids Banke,Denmark,http://mpas.helcom.fi/apex/f?p=103:12:::NO::P12_ID:126,Designated and managed,14.07.2005,2005,Denmark,DNK,Bornholm Basin,SEA-007,15,7152.79836
28,273,Vestamager og havet syd for,Denmark,http://mpas.helcom.fi/apex/f?p=103:12:::NO::P12_ID:273,Designated and managed,17.09.2009,2009,Denmark,DNK,Arkona Basin,SEA-006,12,6272.53375
29,132,Store Middelgrund,Denmark,http://mpas.helcom.fi/apex/f?p=103:12:::NO::P12_ID:132,Designated and managed,14.07.2005,2005,Denmark,DNK,Kattegat,SEA-001,2,15300.69996
29,132,Store Middelgrund,Denmark,http://mpas.helcom.fi/apex/f?p=103:12:::NO::P12_ID:132,Designated and managed,14.07.2005,2005,Sweden,SWE,Kattegat,SEA-001,1,6739.5362
30,128,Skælskør Fjord og havet og kysten mellem Agersø og Glænø,Denmark,http://mpas.helcom.fi/apex/f?p=103:12:::NO::P12_ID:128,Designated and managed,22.08.2005,2005,Denmark,DNK,Great Belt,SEA-002,3,10369.11323
31,277,Ebbeløkke Rev,Denmark,http://mpas.helcom.fi/apex/f?p=103:12:::NO::P12_ID:277,Designated and managed,16.12.2009,2009,Denmark,DNK,Kattegat,SEA-001,2,15300.69996
32,134,Strandenge på Læsø og havet syd herfor,Denmark,http://mpas.helcom.fi/apex/f?p=103:12:::NO::P12_ID:134,Designated and managed,14.07.2005,2005,Denmark,DNK,Kattegat,SEA-001,2,15300.69996
33,284,Kobberhage kystarealer,Denmark,http://mpas.helcom.fi/apex/f?p=103:12:::NO::P12_ID:284,Designated and managed,16.12.2009,2009,Denmark,DNK,Great Belt,SEA-002,3,10369.11323
33,284,Kobberhage kystarealer,Denmark,http://mpas.helcom.fi/apex/f?p=103:12:::NO::P12_ID:284,Designated and managed,16.12.2009,2009,Denmark,DNK,Kattegat,SEA-001,2,15300.69996
34,268,Sejerø Bugt og Saltbæk Vig,Denmark,http://mpas.helcom.fi/apex/f?p=103:12:::NO::P12_ID:268,Designated and managed,06.04.2009,2009,Denmark,DNK,Great Belt,SEA-002,3,10369.11323
35,283,Kaløskovene og Kaløvig,Denmark,http://mpas.helcom.fi/apex/f?p=103:12:::NO::P12_ID:283,Designated and managed,16.12.2009,2009,Denmark,DNK,Great Belt,SEA-002,3,10369.11323
36,188,Havet omkring Nordre Rønner,Denmark,http://mpas.helcom.fi/apex/f?p=103:12:::NO::P12_ID:188,Designated and managed,14.07.2005,2005,Denmark,DNK,Kattegat,SEA-001,2,15300.69996
37,130,"Stavns Fjord, Samsø Østerflak og Nordby Hede",Denmark,http://mpas.helcom.fi/apex/f?p=103:12:::NO::P12_ID:130,Designated and managed,14.07.2005,2005,Denmark,DNK,Great Belt,SEA-002,3,10369.11323
38,129,Saltholm og omliggende hav,Denmark,http://mpas.helcom.fi/apex/f?p=103:12:::NO::P12_ID:129,Designated and managed,14.07.2005,2005,Denmark,DNK,Arkona Basin,SEA-006,12,6272.53375
38,129,Saltholm og omliggende hav,Denmark,http://mpas.helcom.fi/apex/f?p=103:12:::NO::P12_ID:129,Designated and managed,14.07.2005,2005,Denmark,DNK,The Sound,SEA-003,6,588.38712
39,286,Mejl Flak,Denmark,http://mpas.helcom.fi/apex/f?p=103:12:::NO::P12_ID:286,Designated,16.12.2009,2009,Denmark,DNK,Great Belt,SEA-002,3,10369.11323
40,281,Ølsemagle Strand og Staunings Ø,Denmark,http://mpas.helcom.fi/apex/f?p=103:12:::NO::P12_ID:281,Designated and managed,16.12.2009,2009,Denmark,DNK,Arkona Basin,SEA-006,12,6272.53375
41,249,Centrale Storebælt og Vresen,Denmark,http://mpas.helcom.fi/apex/f?p=103:12:::NO::P12_ID:249,Designated and managed,10.09.2009,2009,Denmark,DNK,Great Belt,SEA-002,3,10369.11323
42,293,Vestlige del af Avernakø,Denmark,http://mpas.helcom.fi/apex/f?p=103:12:::NO::P12_ID:293,Designated and managed,16.12.2009,2009,Denmark,DNK,Great Belt,SEA-002,3,10369.11323
43,184,Bornholm: Ertholmene,Denmark,http://mpas.helcom.fi/apex/f?p=103:12:::NO::P12_ID:184,Designated and managed,14.07.2005,2005,Denmark,DNK,Bornholm Basin,SEA-007,15,7152.79836
44,265,Havet mellem Romsø og Hindsholm samt Romsø,Denmark,http://mpas.helcom.fi/apex/f?p=103:12:::NO::P12_ID:265,Designated and managed,01.09.2009,2009,Denmark,DNK,Great Belt,SEA-002,3,10369.11323
45,255,"Horsens Fjord, havet øst for og Endelave",Denmark,http://mpas.helcom.fi/apex/f?p=103:12:::NO::P12_ID:255,Designated and managed,10.09.2009,2009,Denmark,DNK,Great Belt,SEA-002,3,10369.11323
46,247,Bøchers Grund,Denmark,http://mpas.helcom.fi/apex/f?p=103:12:::NO::P12_ID:247,Designated and managed,10.09.2009,2009,Denmark,DNK,Arkona Basin,SEA-006,12,6272.53375
47,251,"Fyns Hoved, Lillegrund og Lillestrand",Denmark,http://mpas.helcom.fi/apex/f?p=103:12:::NO::P12_ID:251,Designated and managed,31.08.2009,2009,Denmark,DNK,Great Belt,SEA-002,3,10369.11323
48,136,Læsø Trindel og Tønneberg Banke,Denmark,http://mpas.helcom.fi/apex/f?p=103:12:::NO::P12_ID:136,Designated and managed,14.07.2005,2005,Denmark,DNK,Kattegat,SEA-001,2,15300.69996
49,261,Mols Bjerge med kystvande,Denmark,http://mpas.helcom.fi/apex/f?p=103:12:::NO::P12_ID:261,Designated and managed,23.09.2009,2009,Denmark,DNK,Great Belt,SEA-002,3,10369.11323
50,250,"Flensborg Fjord, Bredgrund og farvandet omkring Als",Denmark,http://mpas.helcom.fi/apex/f?p=103:12:::NO::P12_ID:250,Designated and managed,10.09.2009,2009,Denmark,DNK,Great Belt,SEA-002,3,10369.11323
50,250,"Flensborg Fjord, Bredgrund og farvandet omkring Als",Denmark,http://mpas.helcom.fi/apex/f?p=103:12:::NO::P12_ID:250,Designated and managed,10.09.2009,2009,Denmark,DNK,Kiel Bay,SEA-004,7,1208.87616
50,250,"Flensborg Fjord, Bredgrund og farvandet omkring Als",Denmark,http://mpas.helcom.fi/apex/f?p=103:12:::NO::P12_ID:250,Designated and managed,10.09.2009,2009,Germany,DEU,Great Belt,SEA-002,4,140.98877
50,250,"Flensborg Fjord, Bredgrund og farvandet omkring Als",Denmark,http://mpas.helcom.fi/apex/f?p=103:12:::NO::P12_ID:250,Designated and managed,10.09.2009,2009,Germany,DEU,Kiel Bay,SEA-004,8,2079.47971
51,272,Thurø Rev,Denmark,http://mpas.helcom.fi/apex/f?p=103:12:::NO::P12_ID:272,Designated and managed,10.09.2009,2009,Denmark,DNK,Great Belt,SEA-002,3,10369.11323
52,291,Stege Nor,Denmark,http://mpas.helcom.fi/apex/f?p=103:12:::NO::P12_ID:291,Designated and managed,16.12.2009,2009,Denmark,DNK,Arkona Basin,SEA-006,12,6272.53375
53,186,Havet og kysten mellem Karrebæk Fjord og Knudshoved Odde,Denmark,http://mpas.helcom.fi/apex/f?p=103:12:::NO::P12_ID:186,Designated and managed,22.08.2005,2005,Denmark,DNK,Great Belt,SEA-002,3,10369.11323
54,275,Adler Grund og Rønne Banke,Denmark,http://mpas.helcom.fi/apex/f?p=103:12:::NO::P12_ID:275,Designated,16.12.2009,2009,Denmark,DNK,Arkona Basin,SEA-006,12,6272.53375
54,275,Adler Grund og Rønne Banke,Denmark,http://mpas.helcom.fi/apex/f?p=103:12:::NO::P12_ID:275,Designated,16.12.2009,2009,Germany,DEU,Arkona Basin,SEA-006,13,7071.49776
55,287,Odense Fjord,Denmark,http://mpas.helcom.fi/apex/f?p=103:12:::NO::P12_ID:287,Designated and managed,16.12.2009,2009,Denmark,DNK,Great Belt,SEA-002,3,10369.11323
56,133,"Ålborg Bugt, Randers Fjord and Mariager Fjord, Birdprotection sites",Denmark,http://mpas.helcom.fi/apex/f?p=103:12:::NO::P12_ID:133,Designated and managed,14.07.2005,2005,Denmark,DNK,Kattegat,SEA-001,2,15300.69996
57,267,Schultz og Hastens Grund samt Briseis Flak,Denmark,http://mpas.helcom.fi/apex/f?p=103:12:::NO::P12_ID:267,Designated and managed,10.09.2009,2009,Denmark,DNK,Kattegat,SEA-001,2,15300.69996
58,244,Anholt og havet nord for,Denmark,http://mpas.helcom.fi/apex/f?p=103:12:::NO::P12_ID:244,Designated and managed,06.04.2009,2009,Denmark,DNK,Kattegat,SEA-001,2,15300.69996
59,135,"Hirsholmene, havet vest herfor og Ellinge Å's udløb",Denmark,http://mpas.helcom.fi/apex/f?p=103:12:::NO::P12_ID:135,Designated and managed,14.07.2005,2005,Denmark,DNK,Kattegat,SEA-001,2,15300.69996
60,280,Hov Vig,Denmark,http://mpas.helcom.fi/apex/f?p=103:12:::NO::P12_ID:280,Designated and managed,16.12.2009,2009,Denmark,DNK,Kattegat,SEA-001,2,15300.69996
61,253,Havet og kysten mellem Hundested og Rørvig,Denmark,http://mpas.helcom.fi/apex/f?p=103:12:::NO::P12_ID:253,Designated and managed,28.08.2009,2009,Denmark,DNK,Kattegat,SEA-001,2,15300.69996
62,282,Jægerspris Skydeterræn,Denmark,http://mpas.helcom.fi/apex/f?p=103:12:::NO::P12_ID:282,Designated and managed,16.12.2009,2009,Denmark,DNK,Kattegat,SEA-001,2,15300.69996
63,266,Ryggen,Denmark,http://mpas.helcom.fi/apex/f?p=103:12:::NO::P12_ID:266,Designated and managed,10.09.2009,2009,Denmark,DNK,Great Belt,SEA-002,3,10369.11323
64,285,Kyndby Kyst,Denmark,http://mpas.helcom.fi/apex/f?p=103:12:::NO::P12_ID:285,Designated and managed,16.12.2009,2009,Denmark,DNK,Kattegat,SEA-001,2,15300.69996
65,187,"Smålandsfarvandet nord for Lolland, Guldborg Sund, Bøtø Nor og Hyllekrog-Rødsand",Denmark,http://mpas.helcom.fi/apex/f?p=103:12:::NO::P12_ID:187,Designated and managed,22.08.2005,2005,Denmark,DNK,Bay of Mecklenburg,SEA-005,9,1144.29301
65,187,"Smålandsfarvandet nord for Lolland, Guldborg Sund, Bøtø Nor og Hyllekrog-Rødsand",Denmark,http://mpas.helcom.fi/apex/f?p=103:12:::NO::P12_ID:187,Designated and managed,22.08.2005,2005,Denmark,DNK,Great Belt,SEA-002,3,10369.11323
65,187,"Smålandsfarvandet nord for Lolland, Guldborg Sund, Bøtø Nor og Hyllekrog-Rødsand",Denmark,http://mpas.helcom.fi/apex/f?p=103:12:::NO::P12_ID:187,Designated and managed,22.08.2005,2005,Denmark,DNK,Kiel Bay,SEA-004,7,1208.87616
66,274,"Ålborg Bugt, østlige del",Denmark,http://mpas.helcom.fi/apex/f?p=103:12:::NO::P12_ID:274,Designated and managed,16.12.2009,2009,Denmark,DNK,Kattegat,SEA-001,2,15300.69996
67,207,Väinameri,Estonia,http://mpas.helcom.fi/apex/f?p=103:12:::NO::P12_ID:207,Designated and managed,01.04.2009,2009,Estonia,EST,Gulf of Riga,SEA-011,28,10774.55332
67,207,Väinameri,Estonia,http://mpas.helcom.fi/apex/f?p=103:12:::NO::P12_ID:207,Designated and managed,01.04.2009,2009,Estonia,EST,Northern Baltic Proper,SEA-012,31,11841.39906
68,90,Hiiu Madala,Estonia,http://mpas.helcom.fi/apex/f?p=103:12:::NO::P12_ID:90,Designated and managed,01.04.2009,2009,Estonia,EST,Northern Baltic Proper,SEA-012,31,11841.39906
69,206,Pakri,Estonia,http://mpas.helcom.fi/apex/f?p=103:12:::NO::P12_ID:206,Designated and managed,01.04.2009,2009,Estonia,EST,Gulf of Finland,SEA-013,34,8426.04463
70,91,Vilsandi,Estonia,http://mpas.helcom.fi/apex/f?p=103:12:::NO::P12_ID:91,Designated and managed,01.04.2009,2009,Estonia,EST,Eastern Gotland Basin,SEA-009,25,5414.05646
70,91,Vilsandi,Estonia,http://mpas.helcom.fi/apex/f?p=103:12:::NO::P12_ID:91,Designated and managed,01.04.2009,2009,Estonia,EST,Northern Baltic Proper,SEA-012,31,11841.39906
71,95,Kura Kurk,Estonia,http://mpas.helcom.fi/apex/f?p=103:12:::NO::P12_ID:95,Designated and managed,01.04.2009,2009,Estonia,EST,Eastern Gotland Basin,SEA-009,25,5414.05646
71,95,Kura Kurk,Estonia,http://mpas.helcom.fi/apex/f?p=103:12:::NO::P12_ID:95,Designated and managed,01.04.2009,2009,Estonia,EST,Gulf of Riga,SEA-011,28,10774.55332
71,95,Kura Kurk,Estonia,http://mpas.helcom.fi/apex/f?p=103:12:::NO::P12_ID:95,Designated and managed,01.04.2009,2009,Latvia,LVA,Eastern Gotland Basin,SEA-009,24,20977.58487
71,95,Kura Kurk,Estonia,http://mpas.helcom.fi/apex/f?p=103:12:::NO::P12_ID:95,Designated and managed,01.04.2009,2009,Latvia,LVA,Gulf of Riga,SEA-011,27,7993.91788
72,94,Pärnu lahe,Estonia,http://mpas.helcom.fi/apex/f?p=103:12:::NO::P12_ID:94,Designated,01.04.2009,2009,Estonia,EST,Gulf of Riga,SEA-011,28,10774.55332
73,88,Lahemaa,Estonia,http://mpas.helcom.fi/apex/f?p=103:12:::NO::P12_ID:88,Designated and managed,01.04.2009,2009,Estonia,EST,Gulf of Finland,SEA-013,34,8426.04463
74,158,Kirkkonummen saaristo/ Kirkkonummi Archipelago,Finland,http://mpas.helcom.fi/apex/f?p=103:12:::NO::P12_ID:158,Designated,19.09.2005,2005,Finland,FIN,Gulf of Finland,SEA-013,32,9549.67733
75,397,Boxö,Finland,http://mpas.helcom.fi/apex/f?p=103:12:::NO::P12_ID:397,Designated and managed,09.01.2015,2015,Finland,FIN,Aland Sea,SEA-014,36,12405.68538
76,159,Söderskärin ja Långörenin saaristo /Söderskär and Långören Archipelago,Finland,http://mpas.helcom.fi/apex/f?p=103:12:::NO::P12_ID:159,Designated,19.09.2005,2005,Finland,FIN,Gulf of Finland,SEA-013,32,9549.67733
77,142,Uudenkaupungin saaristo/ Uusikaupunki Archipelago,Finland,http://mpas.helcom.fi/apex/f?p=103:12:::NO::P12_ID:142,Designated,19.09.2005,2005,Finland,FIN,Aland Sea,SEA-014,36,12405.68538
77,142,Uudenkaupungin saaristo/ Uusikaupunki Archipelago,Finland,http://mpas.helcom.fi/apex/f?p=103:12:::NO::P12_ID:142,Designated,19.09.2005,2005,Finland,FIN,Bothnian Sea,SEA-015,38,28136.78846
78,153,Luodon saaristo/Luoto Archipelago,Finland,http://mpas.helcom.fi/apex/f?p=103:12:::NO::P12_ID:153,Designated and managed,19.09.2005,2005,Finland,FIN,Bothnian Bay,SEA-017,42,14930.90472
79,395,Merikalla,Finland,http://mpas.helcom.fi/apex/f?p=103:12:::NO::P12_ID:395,Designated,09.01.2015,2015,Finland,FIN,Bothnian Bay,SEA-017,42,14930.90472
80,394,Luodematalat,Finland,http://mpas.helcom.fi/apex/f?p=103:12:::NO::P12_ID:394,Designated,09.01.2015,2015,Finland,FIN,Gulf of Finland,SEA-013,32,9549.67733
80,394,Luodematalat,Finland,http://mpas.helcom.fi/apex/f?p=103:12:::NO::P12_ID:394,Designated,09.01.2015,2015,Russia,RUS,Gulf of Finland,SEA-013,33,11571.59858
81,400,Lågskär,Finland,http://mpas.helcom.fi/apex/f?p=103:12:::NO::P12_ID:400,Designated and managed,09.01.2015,2015,Finland,FIN,Aland Sea,SEA-014,36,12405.68538
82,147,"Hailuoto, pohjoisranta/ Hailuoto northshore",Finland,http://mpas.helcom.fi/apex/f?p=103:12:::NO::P12_ID:147,Designated,19.09.2005,2005,Finland,FIN,Bothnian Bay,SEA-017,42,14930.90472
83,396,Björkör,Finland,http://mpas.helcom.fi/apex/f?p=103:12:::NO::P12_ID:396,Designated and managed,09.01.2015,2015,Finland,FIN,Aland Sea,SEA-014,36,12405.68538
84,156,Kristiinankaupungin saaristo /Kristiinankaupunki Archipelago,Finland,http://mpas.helcom.fi/apex/f?p=103:12:::NO::P12_ID:156,Designated,19.09.2005,2005,Finland,FIN,Bothnian Sea,SEA-015,38,28136.78846
85,139,Perämeren kansallispuisto /Bothnian Bay National Park,Finland,http://mpas.helcom.fi/apex/f?p=103:12:::NO::P12_ID:139,Designated and managed,19.09.2005,2005,Finland,FIN,Bothnian Bay,SEA-017,42,14930.90472
86,141,Ouran saaristo /Oura Archipelago,Finland,http://mpas.helcom.fi/apex/f?p=103:12:::NO::P12_ID:141,Designated,19.09.2005,2005,Finland,FIN,Bothnian Sea,SEA-015,38,28136.78846
87,145,Itäisen Suomenlahden saaristo ja vedet/ Eastern Gulf of Finland Archipelago and waters,Finland,http://mpas.helcom.fi/apex/f?p=103:12:::NO::P12_ID:145,Designated and managed,19.09.2005,2005,Finland,FIN,Gulf of Finland,SEA-013,32,9549.67733
87,145,Itäisen Suomenlahden saaristo ja vedet/ Eastern Gulf of Finland Archipelago and waters,Finland,http://mpas.helcom.fi/apex/f?p=103:12:::NO::P12_ID:145,Designated and managed,19.09.2005,2005,Russia,RUS,Gulf of Finland,SEA-013,33,11571.59858
88,140,Merenkurkun saaristo /Outer Bothnian Threshold Archipelago (The Quark),Finland,http://mpas.helcom.fi/apex/f?p=103:12:::NO::P12_ID:140,Designated,19.09.2005,2005,Finland,FIN,Bothnian Sea,SEA-015,38,28136.78846
88,140,Merenkurkun saaristo /Outer Bothnian Threshold Archipelago (The Quark),Finland,http://mpas.helcom.fi/apex/f?p=103:12:::NO::P12_ID:140,Designated,19.09.2005,2005,Finland,FIN,The Quark,SEA-016,40,4932.99666
89,152,Kokkolan saaristo/Kokkola Archipelago,Finland,http://mpas.helcom.fi/apex/f?p=103:12:::NO::P12_ID:152,Designated and managed,22.11.2006,2006,Finland,FIN,Bothnian Bay,SEA-017,42,14930.90472
90,143,Saaristomeri /Archipelago Sea,Finland,http://mpas.helcom.fi/apex/f?p=103:12:::NO::P12_ID:143,Designated,19.09.2005,2005,Finland,FIN,Aland Sea,SEA-014,36,12405.68538
90,143,Saaristomeri /Archipelago Sea,Finland,http://mpas.helcom.fi/apex/f?p=103:12:::NO::P12_ID:143,Designated,19.09.2005,2005,Finland,FIN,Northern Baltic Proper,SEA-012,30,9800.24404
91,144,Tammisaaren ja Hangon saariston ja Pohjanpitäjänlahden merensuojelualue /Tammisaari and Hanko Archipelago-and Pojo Bay marine proteciton area,Finland,http://mpas.helcom.fi/apex/f?p=103:12:::NO::P12_ID:144,Designated and managed,19.09.2005,2005,Finland,FIN,Gulf of Finland,SEA-013,32,9549.67733
92,552,Södra Sandbäck,Finland,http://mpas.helcom.fi/apex/f?p=103:12:::NO::P12_ID:552,Designated,05.12.2018,2018,Finland,FIN,Bothnian Sea,SEA-015,38,28136.78846
93,401,Bogskar,Finland,http://mpas.helcom.fi/apex/f?p=103:12:::NO::P12_ID:401,Designated,09.01.2015,2015,Finland,FIN,Aland Sea,SEA-014,36,12405.68538
94,399,Signilskär - Märket,Finland,http://mpas.helcom.fi/apex/f?p=103:12:::NO::P12_ID:399,Designated and managed,09.01.2015,2015,Finland,FIN,Aland Sea,SEA-014,36,12405.68538
94,399,Signilskär - Märket,Finland,http://mpas.helcom.fi/apex/f?p=103:12:::NO::P12_ID:399,Designated and managed,09.01.2015,2015,Finland,FIN,Bothnian Sea,SEA-015,38,28136.78846
94,399,Signilskär - Märket,Finland,http://mpas.helcom.fi/apex/f?p=103:12:::NO::P12_ID:399,Designated and managed,09.01.2015,2015,Sweden,SWE,Bothian Sea,SEA-015,37,31735.90809
95,160,Porvoonjoen suisto - Stensböle /Porvoonjoki estuary-Stensböle,Finland,http://mpas.helcom.fi/apex/f?p=103:12:::NO::P12_ID:160,Designated,19.09.2005,2005,Finland,FIN,Gulf of Finland,SEA-013,32,9549.67733
96,154,Uudenkaarlepyyn saaristo /Uusikaarlepyy Archipelago,Finland,http://mpas.helcom.fi/apex/f?p=103:12:::NO::P12_ID:154,Designated,19.09.2005,2005,Finland,FIN,Bothnian Bay,SEA-017,42,14930.90472
96,154,Uudenkaarlepyyn saaristo /Uusikaarlepyy Archipelago,Finland,http://mpas.helcom.fi/apex/f?p=103:12:::NO::P12_ID:154,Designated,19.09.2005,2005,Finland,FIN,The Quark,SEA-016,40,4932.99666
97,155,Närpiön saaristo /Närpiö Archipelago,Finland,http://mpas.helcom.fi/apex/f?p=103:12:::NO::P12_ID:155,Designated,19.09.2005,2005,Finland,FIN,Bothnian Sea,SEA-015,38,28136.78846
98,151,Rahjan saaristo/Rahja Archipelago,Finland,http://mpas.helcom.fi/apex/f?p=103:12:::NO::P12_ID:151,Designated and managed,19.09.2005,2005,Finland,FIN,Bothnian Bay,SEA-017,42,14930.90472
99,393,Länsiletto,Finland,http://mpas.helcom.fi/apex/f?p=103:12:::NO::P12_ID:393,Designated,09.01.2015,2015,Finland,FIN,Gulf of Finland,SEA-013,32,9549.67733
99,393,Länsiletto,Finland,http://mpas.helcom.fi/apex/f?p=103:12:::NO::P12_ID:393,Designated,09.01.2015,2015,Russia,RUS,Gulf of Finland,SEA-013,33,11571.59858
100,149,Isomatala-Maasyvänlahti,Finland,http://mpas.helcom.fi/apex/f?p=103:12:::NO::P12_ID:149,Designated,19.09.2005,2005,Finland,FIN,Bothnian Bay,SEA-017,42,14930.90472
101,392,Hangon itäinen selkä,Finland,http://mpas.helcom.fi/apex/f?p=103:12:::NO::P12_ID:392,Designated,09.01.2015,2015,Finland,FIN,Gulf of Finland,SEA-013,32,9549.67733
102,148,Kirkkosalmi,Finland,http://mpas.helcom.fi/apex/f?p=103:12:::NO::P12_ID:148,Designated,19.09.2005,2005,Finland,FIN,Bothnian Bay,SEA-017,42,14930.90472
103,161,Pernajanlahtien ja Pernajan saariston merensuojelualue /Pernajabay and Pernaja Archipelago marine protection areas,Finland,http://mpas.helcom.fi/apex/f?p=103:12:::NO::P12_ID:161,Designated,22.11.2006,2006,Finland,FIN,Gulf of Finland,SEA-013,32,9549.67733
104,372,Sandkallanin eteläpuolinen merialue,Finland,http://mpas.helcom.fi/apex/f?p=103:12:::NO::P12_ID:372,Designated,09.01.2015,2015,Finland,FIN,Gulf of Finland,SEA-013,32,9549.67733
105,398,Långör - Östra Sundskär,Finland,http://mpas.helcom.fi/apex/f?p=103:12:::NO::P12_ID:398,Designated and managed,09.01.2015,2015,Finland,FIN,Aland Sea,SEA-014,36,12405.68538
106,157,Tulliniemen linnustonsuojelualue/ Tulliniemi bird protection area,Finland,http://mpas.helcom.fi/apex/f?p=103:12:::NO::P12_ID:157,Designated,19.09.2005,2005,Finland,FIN,Aland Sea,SEA-014,36,12405.68538
106,157,Tulliniemen linnustonsuojelualue/ Tulliniemi bird protection area,Finland,http://mpas.helcom.fi/apex/f?p=103:12:::NO::P12_ID:157,Designated,19.09.2005,2005,Finland,FIN,Gulf of Finland,SEA-013,32,9549.67733
106,157,Tulliniemen linnustonsuojelualue/ Tulliniemi bird protection area,Finland,http://mpas.helcom.fi/apex/f?p=103:12:::NO::P12_ID:157,Designated,19.09.2005,2005,Finland,FIN,Northern Baltic Proper,SEA-012,30,9800.24404
107,150,Liminka Bay /Liminganlahti,Finland,http://mpas.helcom.fi/apex/f?p=103:12:::NO::P12_ID:150,Designated,19.09.2005,2005,Finland,FIN,Bothnian Bay,SEA-017,42,14930.90472
108,232,Kadetrinne,Germany,http://mpas.helcom.fi/apex/f?p=103:12:::NO::P12_ID:232,Designated,21.05.2008,2008,Denmark,DNK,Arkona Basin,SEA-006,12,6272.53375
108,232,Kadetrinne,Germany,http://mpas.helcom.fi/apex/f?p=103:12:::NO::P12_ID:232,Designated,21.05.2008,2008,Denmark,DNK,Bay of Mecklenburg,SEA-005,9,1144.29301
108,232,Kadetrinne,Germany,http://mpas.helcom.fi/apex/f?p=103:12:::NO::P12_ID:232,Designated,21.05.2008,2008,Germany,DEU,Arkona Basin,SEA-006,13,7071.49776
108,232,Kadetrinne,Germany,http://mpas.helcom.fi/apex/f?p=103:12:::NO::P12_ID:232,Designated,21.05.2008,2008,Germany,DEU,Bay of Mecklenburg,SEA-005,10,3438.82204
109,239,Jasmund National Park,Germany,http://mpas.helcom.fi/apex/f?p=103:12:::NO::P12_ID:239,Designated and managed,04.09.1996,1996,Germany,DEU,Arkona Basin,SEA-006,13,7071.49776
110,240,Vorpommersche Boddenlandshaft National Park (West-Pommeranian Lagoon National Park),Germany,http://mpas.helcom.fi/apex/f?p=103:12:::NO::P12_ID:240,Designated and managed,04.09.1996,1996,Germany,DEU,Arkona Basin,SEA-006,13,7071.49776
110,240,Vorpommersche Boddenlandshaft National Park (West-Pommeranian Lagoon National Park),Germany,http://mpas.helcom.fi/apex/f?p=103:12:::NO::P12_ID:240,Designated and managed,04.09.1996,1996,Germany,DEU,Bay of Mecklenburg,SEA-005,10,3438.82204
111,172,Pommersche Bucht-Rönnebank,Germany,http://mpas.helcom.fi/apex/f?p=103:12:::NO::P12_ID:172,Designated,21.05.2008,2008,Germany,DEU,Arkona Basin,SEA-006,13,7071.49776
111,172,Pommersche Bucht-Rönnebank,Germany,http://mpas.helcom.fi/apex/f?p=103:12:::NO::P12_ID:172,Designated,21.05.2008,2008,Germany,DEU,Bornholm Basin,SEA-007,16,2566.81091
111,172,Pommersche Bucht-Rönnebank,Germany,http://mpas.helcom.fi/apex/f?p=103:12:::NO::P12_ID:172,Designated,21.05.2008,2008,Poland,POL,Bornholm Basin,SEA-007,17,17334.97259
112,177,"Staberhuk, Großenbrode Meeresbereiche, Wagrien, Sagas-Bank",Germany,http://mpas.helcom.fi/apex/f?p=103:12:::NO::P12_ID:177,Designated and managed,21.05.2008,2008,Germany,DEU,Bay of Mecklenburg,SEA-005,10,3438.82204
112,177,"Staberhuk, Großenbrode Meeresbereiche, Wagrien, Sagas-Bank",Germany,http://mpas.helcom.fi/apex/f?p=103:12:::NO::P12_ID:177,Designated and managed,21.05.2008,2008,Germany,DEU,Kiel Bay,SEA-004,8,2079.47971
113,226,Ostseeküste am Brodtener Ufer,Germany,http://mpas.helcom.fi/apex/f?p=103:12:::NO::P12_ID:226,Designated and managed,21.05.2008,2008,Germany,DEU,Bay of Mecklenburg,SEA-005,10,3438.82204
114,174,Schlei incl. Schleimünde und vorgelagerter Flachgründe,Germany,http://mpas.helcom.fi/apex/f?p=103:12:::NO::P12_ID:174,Designated and managed,21.05.2008,2008,Germany,DEU,Kiel Bay,SEA-004,8,2079.47971
115,231,Fehmarnbelt,Germany,http://mpas.helcom.fi/apex/f?p=103:12:::NO::P12_ID:231,Designated,21.05.2008,2008,Denmark,DNK,Kiel Bay,SEA-004,7,1208.87616
115,231,Fehmarnbelt,Germany,http://mpas.helcom.fi/apex/f?p=103:12:::NO::P12_ID:231,Designated,21.05.2008,2008,Germany,DEU,Bay of Mecklenburg,SEA-005,10,3438.82204
115,231,Fehmarnbelt,Germany,http://mpas.helcom.fi/apex/f?p=103:12:::NO::P12_ID:231,Designated,21.05.2008,2008,Germany,DEU,Kiel Bay,SEA-004,8,2079.47971
116,175,"Eckernförder Bucht mit Flachgründen, Südküste der Eckernförder Bucht und vorgelagerte Flachgründe",Germany,http://mpas.helcom.fi/apex/f?p=103:12:::NO::P12_ID:175,Designated and managed,21.05.2008,2008,Germany,DEU,Kiel Bay,SEA-004,8,2079.47971
117,208,Walkyriengrund,Germany,http://mpas.helcom.fi/apex/f?p=103:12:::NO::P12_ID:208,Designated and managed,21.05.2008,2008,Germany,DEU,Bay of Mecklenburg,SEA-005,10,3438.82204
118,176,"Küstenlandschaft Bottsand - Marzkamp u. vorgelagerte Flachgründe, Östlichen Kieler Bucht",Germany,http://mpas.helcom.fi/apex/f?p=103:12:::NO::P12_ID:176,Designated and managed,21.05.2008,2008,Germany,DEU,Kiel Bay,SEA-004,8,2079.47971
119,173,"Küstenbereiche Flensburger Förde von Flensburg bis Geltinger Birk, Flengurger Förde",Germany,http://mpas.helcom.fi/apex/f?p=103:12:::NO::P12_ID:173,Designated and managed,21.05.2008,2008,Denmark,DNK,Great Belt,SEA-002,3,10369.11323
119,173,"Küstenbereiche Flensburger Förde von Flensburg bis Geltinger Birk, Flengurger Förde",Germany,http://mpas.helcom.fi/apex/f?p=103:12:::NO::P12_ID:173,Designated and managed,21.05.2008,2008,Germany,DEU,Great Belt,SEA-002,4,140.98877
119,173,"Küstenbereiche Flensburger Förde von Flensburg bis Geltinger Birk, Flengurger Förde",Germany,http://mpas.helcom.fi/apex/f?p=103:12:::NO::P12_ID:173,Designated and managed,21.05.2008,2008,Germany,DEU,Kiel Bay,SEA-004,8,2079.47971
120,304,Vitrupe-Tuja,Latvia,http://mpas.helcom.fi/apex/f?p=103:12:::NO::P12_ID:304,Designated,16.01.2013,2013,Latvia,LVA,Gulf of Riga,SEA-011,27,7993.91788
121,309,Nida-Perkone,Latvia,http://mpas.helcom.fi/apex/f?p=103:12:::NO::P12_ID:309,Designated,16.01.2013,2013,Latvia,LVA,Eastern Gotland Basin,SEA-009,24,20977.58487
122,307,Irbes saurums,Latvia,http://mpas.helcom.fi/apex/f?p=103:12:::NO::P12_ID:307,Designated,16.01.2013,2013,Estonia,EST,Eastern Gotland Basin,SEA-009,25,5414.05646
122,307,Irbes saurums,Latvia,http://mpas.helcom.fi/apex/f?p=103:12:::NO::P12_ID:307,Designated,16.01.2013,2013,Estonia,EST,Gulf of Riga,SEA-011,28,10774.55332
122,307,Irbes saurums,Latvia,http://mpas.helcom.fi/apex/f?p=103:12:::NO::P12_ID:307,Designated,16.01.2013,2013,Latvia,LVA,Eastern Gotland Basin,SEA-009,24,20977.58487
122,307,Irbes saurums,Latvia,http://mpas.helcom.fi/apex/f?p=103:12:::NO::P12_ID:307,Designated,16.01.2013,2013,Latvia,LVA,Gulf of Riga,SEA-011,27,7993.91788
123,308,Akmensrags,Latvia,http://mpas.helcom.fi/apex/f?p=103:12:::NO::P12_ID:308,Designated,16.01.2013,2013,Latvia,LVA,Eastern Gotland Basin,SEA-009,24,20977.58487
124,303,Ainazi-Salacgriva,Latvia,http://mpas.helcom.fi/apex/f?p=103:12:::NO::P12_ID:303,Designated,16.01.2013,2013,Estonia,EST,Gulf of Riga,SEA-011,28,10774.55332
124,303,Ainazi-Salacgriva,Latvia,http://mpas.helcom.fi/apex/f?p=103:12:::NO::P12_ID:303,Designated,16.01.2013,2013,Latvia,LVA,Gulf of Riga,SEA-011,27,7993.91788
125,305,Selga uz rietumiem no Tujas,Latvia,http://mpas.helcom.fi/apex/f?p=103:12:::NO::P12_ID:305,Designated,16.01.2013,2013,Latvia,LVA,Gulf of Riga,SEA-011,27,7993.91788
126,306,Rigas lica rietumu piekraste,Latvia,http://mpas.helcom.fi/apex/f?p=103:12:::NO::P12_ID:306,Designated,16.01.2013,2013,Latvia,LVA,Gulf of Riga,SEA-011,27,7993.91788
127,122,Curonian Spit National Park,Lithuania,http://mpas.helcom.fi/apex/f?p=103:12:::NO::P12_ID:122,Designated and managed,23.04.1991,1991,Lithuania,LTU,Eastern Gotland Basin,SEA-009,23,6139.73941
127,122,Curonian Spit National Park,Lithuania,http://mpas.helcom.fi/apex/f?p=103:12:::NO::P12_ID:122,Designated and managed,23.04.1991,1991,Russia,RUS,Eastern Gotland Basin,SEA-009,22,9466.30104
128,311,Baltic Sea Biosphere Polygon,Lithuania,http://mpas.helcom.fi/apex/f?p=103:12:::NO::P12_ID:311,Designated,23.05.2013,2013,Lithuania,LTU,Eastern Gotland Basin,SEA-009,23,6139.73941
128,311,Baltic Sea Biosphere Polygon,Lithuania,http://mpas.helcom.fi/apex/f?p=103:12:::NO::P12_ID:311,Designated,23.05.2013,2013,Russia,RUS,Eastern Gotland Basin,SEA-009,22,9466.30104
129,310,Kursiu Marios Biosphere Polygon,Lithuania,http://mpas.helcom.fi/apex/f?p=103:12:::NO::P12_ID:310,Designated and managed,17.09.2009,2009,Lithuania,LTU,Eastern Gotland Basin,SEA-009,23,6139.73941
129,310,Kursiu Marios Biosphere Polygon,Lithuania,http://mpas.helcom.fi/apex/f?p=103:12:::NO::P12_ID:310,Designated and managed,17.09.2009,2009,Russia,RUS,Eastern Gotland Basin,SEA-009,22,9466.30104
130,125,The state Baltic sea marine reserve,Lithuania,http://mpas.helcom.fi/apex/f?p=103:12:::NO::P12_ID:125,Designated,25.05.2005,2005,Lithuania,LTU,Eastern Gotland Basin,SEA-009,23,6139.73941
131,123,Pajuris Regional Park,Lithuania,http://mpas.helcom.fi/apex/f?p=103:12:::NO::P12_ID:123,Designated and managed,24.09.1992,1992,Lithuania,LTU,Eastern Gotland Basin,SEA-009,23,6139.73941
132,532,Klaipėdos–Ventspilio plynaukštė,Lithuania,http://mpas.helcom.fi/apex/f?p=103:12:::NO::P12_ID:532,Designated,14/09/2015,2015,Latvia,LVA,Eastern Gotland Basin,SEA-009,24,20977.58487
132,532,Klaipėdos–Ventspilio plynaukštė,Lithuania,http://mpas.helcom.fi/apex/f?p=103:12:::NO::P12_ID:532,Designated,14/09/2015,2015,Lithuania,LTU,Eastern Gotland Basin,SEA-009,23,6139.73941
133,533,Sambijos plynaukštė,Lithuania,http://mpas.helcom.fi/apex/f?p=103:12:::NO::P12_ID:533,Designated,03/10/2016,2016,Lithuania,LTU,Eastern Gotland Basin,SEA-009,23,6139.73941
133,533,Sambijos plynaukštė,Lithuania,http://mpas.helcom.fi/apex/f?p=103:12:::NO::P12_ID:533,Designated,03/10/2016,2016,Russia,RUS,Eastern Gotland Basin,SEA-009,22,9466.30104
134,124,Nemunas Delta Regional Park,Lithuania,http://mpas.helcom.fi/apex/f?p=103:12:::NO::P12_ID:124,Designated and managed,24.09.1992,1992,Lithuania,LTU,Eastern Gotland Basin,SEA-009,23,6139.73941
134,124,Nemunas Delta Regional Park,Lithuania,http://mpas.helcom.fi/apex/f?p=103:12:::NO::P12_ID:124,Designated and managed,24.09.1992,1992,Russia,RUS,Eastern Gotland Basin,SEA-009,22,9466.30104
135,170,Zatoka Pomorska,Poland,http://mpas.helcom.fi/apex/f?p=103:12:::NO::P12_ID:170,Designated,31.12.2009,2009,Germany,DEU,Bornholm Basin,SEA-007,16,2566.81091
135,170,Zatoka Pomorska,Poland,http://mpas.helcom.fi/apex/f?p=103:12:::NO::P12_ID:170,Designated,31.12.2009,2009,Poland,POL,Bornholm Basin,SEA-007,17,17334.97259
136,87,Lawica Slupska,Poland,http://mpas.helcom.fi/apex/f?p=103:12:::NO::P12_ID:87,Designated,31.12.2009,2009,Poland,POL,Bornholm Basin,SEA-007,17,17334.97259
137,179,Przybrzezne Wody Baltyku,Poland,http://mpas.helcom.fi/apex/f?p=103:12:::NO::P12_ID:179,Designated,31.12.2009,2009,Poland,POL,Bornholm Basin,SEA-007,17,17334.97259
137,179,Przybrzezne Wody Baltyku,Poland,http://mpas.helcom.fi/apex/f?p=103:12:::NO::P12_ID:179,Designated,31.12.2009,2009,Poland,POL,Eastern Gotland Basin,SEA-009,21,11013.8982
137,179,Przybrzezne Wody Baltyku,Poland,http://mpas.helcom.fi/apex/f?p=103:12:::NO::P12_ID:179,Designated,31.12.2009,2009,Poland,POL,Gdansk Basin,SEA-008,18,3682.83573
138,84,Zatoka Pucka,Poland,http://mpas.helcom.fi/apex/f?p=103:12:::NO::P12_ID:84,Designated,13.07.2005,2005,Poland,POL,Gdansk Basin,SEA-008,18,3682.83573
139,302,Ujscie Wisly,Poland,http://mpas.helcom.fi/apex/f?p=103:12:::NO::P12_ID:302,Designated,31.12.2009,2009,Poland,POL,Gdansk Basin,SEA-008,18,3682.83573
140,86,Wolin i Uznam,Poland,http://mpas.helcom.fi/apex/f?p=103:12:::NO::P12_ID:86,Designated and partly managed,14.07.2005,2005,Germany,DEU,Bornholm Basin,SEA-007,16,2566.81091
140,86,Wolin i Uznam,Poland,http://mpas.helcom.fi/apex/f?p=103:12:::NO::P12_ID:86,Designated and partly managed,14.07.2005,2005,Poland,POL,Bornholm Basin,SEA-007,17,17334.97259
141,83,Zalew Wislany i Mierzeja Wislana,Poland,http://mpas.helcom.fi/apex/f?p=103:12:::NO::P12_ID:83,Designated,13.07.2005,2005,Poland,POL,Gdansk Basin,SEA-008,18,3682.83573
141,83,Zalew Wislany i Mierzeja Wislana,Poland,http://mpas.helcom.fi/apex/f?p=103:12:::NO::P12_ID:83,Designated,13.07.2005,2005,Russia,RUS,Gdansk Basin,SEA-008,19,2138.41462
142,85,Ostoja Slowinska,Poland,http://mpas.helcom.fi/apex/f?p=103:12:::NO::P12_ID:85,Designated and partly managed,13.07.2005,2005,Poland,POL,Bornholm Basin,SEA-007,17,17334.97259
142,85,Ostoja Slowinska,Poland,http://mpas.helcom.fi/apex/f?p=103:12:::NO::P12_ID:85,Designated and partly managed,13.07.2005,2005,Poland,POL,Eastern Gotland Basin,SEA-009,21,11013.8982
143,301,Ujscie Odry i Zalew Szczecinski,Poland,http://mpas.helcom.fi/apex/f?p=103:12:::NO::P12_ID:301,Designated and partly managed,31.12.2009,2009,Germany,DEU,Bornholm Basin,SEA-007,16,2566.81091
143,301,Ujscie Odry i Zalew Szczecinski,Poland,http://mpas.helcom.fi/apex/f?p=103:12:::NO::P12_ID:301,Designated and partly managed,31.12.2009,2009,Poland,POL,Bornholm Basin,SEA-007,17,17334.97259
144,164,Vistula Spit Landscape Park (northern part),Russia,http://mpas.helcom.fi/apex/f?p=103:12:::NO::P12_ID:164,Designated,01.01.1994,1994,Russia,RUS,Gdansk Basin,SEA-008,19,2138.41462
145,197,Lebyazhy Nature Reserve,Russia,http://mpas.helcom.fi/apex/f?p=103:12:::NO::P12_ID:197,Designated and managed,03.12.2009,2009,Russia,RUS,Gulf of Finland,SEA-013,33,11571.59858
146,294,Vyborgskii,Russia,http://mpas.helcom.fi/apex/f?p=103:12:::NO::P12_ID:294,Designated and managed,03.12.2009,2009,Russia,RUS,Gulf of Finland,SEA-013,33,11571.59858
147,166,Kurgalsky Peninsula,Russia,http://mpas.helcom.fi/apex/f?p=103:12:::NO::P12_ID:166,Designated and managed,03.12.2009,2009,Estonia,EST,Gulf of Finland,SEA-013,34,8426.04463
147,166,Kurgalsky Peninsula,Russia,http://mpas.helcom.fi/apex/f?p=103:12:::NO::P12_ID:166,Designated and managed,03.12.2009,2009,Russia,RUS,Gulf of Finland,SEA-013,33,11571.59858
148,196,Berezovye Islands,Russia,http://mpas.helcom.fi/apex/f?p=103:12:::NO::P12_ID:196,Designated and managed,03.12.2009,2009,Russia,RUS,Gulf of Finland,SEA-013,33,11571.59858
149,163,Curonian Spit State National Park (southern part),Russia,http://mpas.helcom.fi/apex/f?p=103:12:::NO::P12_ID:163,Designated and managed,01.01.1994,1994,Russia,RUS,Eastern Gotland Basin,SEA-009,22,9466.30104
150,112,Kullaberg-Skälderviken,Sweden,http://mpas.helcom.fi/apex/f?p=103:12:::NO::P12_ID:112,Designated and managed,30.09.2008,2008,Sweden,SWE,Kattegat,SEA-001,1,6739.5362
150,112,Kullaberg-Skälderviken,Sweden,http://mpas.helcom.fi/apex/f?p=103:12:::NO::P12_ID:112,Designated and managed,30.09.2008,2008,Sweden,SWE,The Sound,SEA-003,5,612.66514
151,111,Falsterbo Peninsula with Måkläppen,Sweden,http://mpas.helcom.fi/apex/f?p=103:12:::NO::P12_ID:111,Designated and managed,30.09.2008,2008,Sweden,SWE,Arkona Basin,SEA-006,11,4226.44762
152,192,Värnanäs Archipelago,Sweden,http://mpas.helcom.fi/apex/f?p=103:12:::NO::P12_ID:192,Designated and managed,06.10.2008,2008,Sweden,SWE,Western Gotland Basin,SEA-010,26,27456.05692
153,101,Haparanda Archipelago,Sweden,http://mpas.helcom.fi/apex/f?p=103:12:::NO::P12_ID:101,Designated and partly managed,24.09.2008,2008,Finland,FIN,Bothnian Bay,SEA-017,42,14930.90472
153,101,Haparanda Archipelago,Sweden,http://mpas.helcom.fi/apex/f?p=103:12:::NO::P12_ID:101,Designated and partly managed,24.09.2008,2008,Sweden,SWE,Bothnian Bay,SEA-017,41,17335.82956
154,296,Stora Middelgrund och Röde Bank,Sweden,http://mpas.helcom.fi/apex/f?p=103:12:::NO::P12_ID:296,Designated,09.11.2009,2009,Denmark,DNK,Kattegat,SEA-001,2,15300.69996
154,296,Stora Middelgrund och Röde Bank,Sweden,http://mpas.helcom.fi/apex/f?p=103:12:::NO::P12_ID:296,Designated,09.11.2009,2009,Sweden,SWE,Kattegat,SEA-001,1,6739.5362
155,189,Kronören,Sweden,http://mpas.helcom.fi/apex/f?p=103:12:::NO::P12_ID:189,Designated and managed,25.09.2008,2008,Sweden,SWE,Bothian Sea,SEA-015,37,31735.90809
156,298,Vänta Litets Grund,Sweden,http://mpas.helcom.fi/apex/f?p=103:12:::NO::P12_ID:298,Designated and managed,16.05.2011,2011,Sweden,SWE,Bothian Sea,SEA-015,37,31735.90809
157,116,Northern Midsjöbanken,Sweden,http://mpas.helcom.fi/apex/f?p=103:12:::NO::P12_ID:116,Designated,09.11.2009,2009,Sweden,SWE,Bornholm Basin,SEA-007,14,15096.6004
157,116,Northern Midsjöbanken,Sweden,http://mpas.helcom.fi/apex/f?p=103:12:::NO::P12_ID:116,Designated,09.11.2009,2009,Sweden,SWE,Eastern Gotland Basin,SEA-009,20,21941.00756
157,116,Northern Midsjöbanken,Sweden,http://mpas.helcom.fi/apex/f?p=103:12:::NO::P12_ID:116,Designated,09.11.2009,2009,Sweden,SWE,Western Gotland Basin,SEA-010,26,27456.05692
158,105,Gräsö/Singö Archipelago,Sweden,http://mpas.helcom.fi/apex/f?p=103:12:::NO::P12_ID:105,Designated and managed,16.09.2008,2008,Sweden,SWE,Aland Sea,SEA-014,35,2703.05659
158,105,Gräsö/Singö Archipelago,Sweden,http://mpas.helcom.fi/apex/f?p=103:12:::NO::P12_ID:105,Designated and managed,16.09.2008,2008,Sweden,SWE,Bothian Sea,SEA-015,37,31735.90809
159,107,Fifång-Askö-Hartsö,Sweden,http://mpas.helcom.fi/apex/f?p=103:12:::NO::P12_ID:107,Designated and managed,16.09.2008,2008,Sweden,SWE,Northern Baltic Proper,SEA-012,29,17728.40167
160,108,St. Anna/Missjö Archipelago,Sweden,http://mpas.helcom.fi/apex/f?p=103:12:::NO::P12_ID:108,Designated and managed,16.09.2008,2008,Sweden,SWE,Western Gotland Basin,SEA-010,26,27456.05692
161,115,Hoburgs Bank,Sweden,http://mpas.helcom.fi/apex/f?p=103:12:::NO::P12_ID:115,Designated and managed,16.09.2008,2008,Sweden,SWE,Eastern Gotland Basin,SEA-009,20,21941.00756
161,115,Hoburgs Bank,Sweden,http://mpas.helcom.fi/apex/f?p=103:12:::NO::P12_ID:115,Designated and managed,16.09.2008,2008,Sweden,SWE,Western Gotland Basin,SEA-010,26,27456.05692
162,297,Finngrundet-Östra Banken,Sweden,http://mpas.helcom.fi/apex/f?p=103:12:::NO::P12_ID:297,Designated and managed,16.05.2011,2011,Sweden,SWE,Bothian Sea,SEA-015,37,31735.90809
163,106,Stora Nassa-Sv. Högarna,Sweden,http://mpas.helcom.fi/apex/f?p=103:12:::NO::P12_ID:106,Designated and partly managed,16.09.2008,2008,Sweden,SWE,Northern Baltic Proper,SEA-012,29,17728.40167
164,194,Hallands Väderö,Sweden,http://mpas.helcom.fi/apex/f?p=103:12:::NO::P12_ID:194,Designated and managed,30.09.2008,2008,Sweden,SWE,Kattegat,SEA-001,1,6739.5362
165,202,Torhamns Archipelago,Sweden,http://mpas.helcom.fi/apex/f?p=103:12:::NO::P12_ID:202,Designated,25.09.2008,2008,Sweden,SWE,Bornholm Basin,SEA-007,14,15096.6004
166,300,Kvädöfjärden med Torrö,Sweden,http://mpas.helcom.fi/apex/f?p=103:12:::NO::P12_ID:300,Designated and managed,16.05.2011,2011,Sweden,SWE,Western Gotland Basin,SEA-010,26,27456.05692
167,103,Holmö Islands,Sweden,http://mpas.helcom.fi/apex/f?p=103:12:::NO::P12_ID:103,Designated and managed,25.09.2008,2008,Sweden,SWE,The Quark,SEA-016,39,3215.71496
168,299,Marakallen,Sweden,http://mpas.helcom.fi/apex/f?p=103:12:::NO::P12_ID:299,Designated and managed,16.05.2011,2011,Sweden,SWE,Bothnian Bay,SEA-017,41,17335.82956
169,113,Kungsbackafjorden,Sweden,http://mpas.helcom.fi/apex/f?p=103:12:::NO::P12_ID:113,Designated and managed,30.09.2008,2008,Sweden,SWE,Kattegat,SEA-001,1,6739.5362
170,109,Kopparstenarna/Gotska Sandön/Salvorev Area,Sweden,http://mpas.helcom.fi/apex/f?p=103:12:::NO::P12_ID:109,Designated and managed,16.09.2008,2008,Sweden,SWE,Eastern Gotland Basin,SEA-009,20,21941.00756
170,109,Kopparstenarna/Gotska Sandön/Salvorev Area,Sweden,http://mpas.helcom.fi/apex/f?p=103:12:::NO::P12_ID:109,Designated and managed,16.09.2008,2008,Sweden,SWE,Northern Baltic Proper,SEA-012,29,17728.40167
170,109,Kopparstenarna/Gotska Sandön/Salvorev Area,Sweden,http://mpas.helcom.fi/apex/f?p=103:12:::NO::P12_ID:109,Designated and managed,16.09.2008,2008,Sweden,SWE,Western Gotland Basin,SEA-010,26,27456.05692
171,104,High Coast,Sweden,http://mpas.helcom.fi/apex/f?p=103:12:::NO::P12_ID:104,Designated and managed,30.09.2008,2008,Sweden,SWE,Bothian Sea,SEA-015,37,31735.90809
172,193,Lundåkrabukten,Sweden,http://mpas.helcom.fi/apex/f?p=103:12:::NO::P12_ID:193,Designated and partly managed,30.09.2008,2008,Sweden,SWE,The Sound,SEA-003,5,612.66514
173,295,Morups Bank,Sweden,http://mpas.helcom.fi/apex/f?p=103:12:::NO::P12_ID:295,Designated,09.11.2009,2009,Sweden,SWE,Kattegat,SEA-001,1,6739.5362
174,119,Lilla Middelgrund,Sweden,http://mpas.helcom.fi/apex/f?p=103:12:::NO::P12_ID:119,Designated and managed,30.09.2008,2008,Sweden,SWE,Kattegat,SEA-001,1,6739.5362
175,118,Fladen,Sweden,http://mpas.helcom.fi/apex/f?p=103:12:::NO::P12_ID:118,Designated and managed,30.09.2008,2008,Sweden,SWE,Kattegat,SEA-001,1,6739.5362
176,191,Bullerö-Bytta,Sweden,http://mpas.helcom.fi/apex/f?p=103:12:::NO::P12_ID:191,Designated and managed,16.09.2008,2008,Sweden,SWE,Northern Baltic Proper,SEA-012,29,17728.40167
177,190,Axmar,Sweden,http://mpas.helcom.fi/apex/f?p=103:12:::NO::P12_ID:190,Designated and managed,16.09.2008,2008,Sweden,SWE,Bothian Sea,SEA-015,37,31735.90809
